W,L,PCT,GB,HOME,AWAY,DIV,CONF,PPG,OPP PPG,DIFF,STRK,L10,Team,Year
62,20,.756,-,31-10,31-10,12-4,38-14,110.4,103.3,+7.1,L1,7-3,z -- PHX Phoenix Suns,2004
59,23,.720,3,35-6,24-17,15-1,41-11,101.5,95.0,+6.5,W3,5-5,z -- MIA Miami Heat,2004
59,23,.720,3,38-3,21-20,10-6,36-16,96.2,88.4,+7.8,L2,6-4,y -- SA San Antonio Spurs,2004
58,24,.707,4,29-12,29-12,11-5,35-17,102.5,96.8,+5.7,W9,9-1,x -- DAL Dallas Mavericks,2004
54,28,.659,8,32-9,22-19,8-8,35-17,93.3,89.5,+3.8,L1,9-1,y -- DET Detroit Pistons,2004
52,30,.634,10,26-15,26-15,11-5,31-21,98.9,96.6,+2.3,L2,2-8,y -- SEA Seattle SuperSonics,2004
51,31,.622,11,26-15,25-16,10-6,33-19,95.1,91.0,+4.1,W7,7-3,x -- HOU Houston Rockets,2004
50,32,.610,12,30-11,20-21,10-6,28-24,103.7,101.6,+2.1,W1,6-4,x -- SAC Sacramento Kings,2004
49,33,.598,13,31-10,18-23,9-7,28-24,99.5,97.5,+2.0,W1,8-2,x -- DEN Denver Nuggets,2004
47,35,.573,15,27-14,20-21,8-8,32-20,94.5,93.4,+1.1,L1,6-4,x -- CHI Chicago Bulls,2004
45,37,.549,17,27-14,18-23,8-8,30-22,101.3,100.4,+0.9,L2,6-4,y -- BOS Boston Celtics,2004
45,37,.549,17,29-12,16-25,10-6,28-24,100.5,100.8,-0.3,L2,4-6,x -- WSH Washington Wizards,2004
45,37,.549,17,26-15,19-22,7-9,27-25,93.4,91.1,+2.3,L1,4-6,x -- MEM Memphis Grizzlies,2004
44,38,.537,18,25-16,19-22,9-7,29-23,93.0,92.2,+0.8,W1,6-4,x -- IND Indiana Pacers,2004
44,38,.537,18,24-17,20-21,10-6,30-22,96.8,95.3,+1.5,W2,6-4,MIN Minnesota Timberwolves,2004
43,39,.524,19,25-16,18-23,8-8,33-19,99.1,99.9,-0.8,W2,8-2,x -- PHI Philadelphia 76ers,2004
42,40,.512,20,24-17,18-23,11-5,31-21,91.4,92.9,-1.5,W4,8-2,x -- NJ New Jersey Nets,2004
42,40,.512,20,29-12,13-28,7-9,26-26,96.5,95.7,+0.8,W2,4-6,CLE Cleveland Cavaliers,2004
37,45,.451,25,27-14,10-31,6-10,20-32,95.7,96.5,-0.8,W1,5-5,LAC LA Clippers,2004
36,46,.439,26,24-17,12-29,6-10,21-31,99.5,101.8,-2.3,L1,2-8,ORL Orlando Magic,2004
34,48,.415,28,22-19,12-29,6-10,21-31,98.7,101.7,-3.0,L6,1-9,LAL Los Angeles Lakers,2004
34,48,.415,28,20-21,14-27,6-10,20-32,98.7,100.9,-2.2,W3,7-3,GS Golden State Warriors,2004
33,49,.402,29,22-19,11-30,7-9,20-32,99.7,101.4,-1.7,L1,3-7,TOR Toronto Raptors,2004
33,49,.402,29,22-19,11-30,6-10,21-31,97.3,99.7,-2.4,W1,4-6,NY New York Knicks,2004
30,52,.366,32,23-18,7-34,8-8,24-28,97.2,100.2,-3.0,L2,3-7,MIL Milwaukee Bucks,2004
27,55,.329,35,18-23,9-32,4-12,13-39,92.9,96.9,-4.0,W1,3-7,POR Portland Trail Blazers,2004
26,56,.317,36,18-23,8-33,6-10,20-32,93.0,97.3,-4.3,L1,4-6,UTAH Utah Jazz,2004
18,64,.220,44,14-27,4-37,7-9,11-41,94.3,100.2,-5.9,W1,3-7,CHA Charlotte Bobcats,2004
18,64,.220,44,11-30,7-34,2-14,10-42,88.4,95.5,-7.1,L9,1-9,NO New Orleans Hornets,2004
13,69,.159,49,9-32,4-37,2-14,8-44,92.7,102.5,-9.8,L2,2-8,ATL Atlanta Hawks,2004
64,18,.780,-,37-4,27-14,13-3,39-13,96.8,90.2,+6.6,L2,6-4,z -- DET Detroit Pistons,2005
63,19,.768,1,34-7,29-12,13-3,42-10,95.6,88.8,+6.8,W3,7-3,z -- SA San Antonio Spurs,2005
60,22,.732,4,34-7,26-15,13-3,37-15,99.1,93.1,+6.0,L1,6-4,x -- DAL Dallas Mavericks,2005
54,28,.659,10,31-10,23-18,10-6,32-20,108.4,102.8,+5.6,W2,5-5,y -- PHX Phoenix Suns,2005
52,30,.634,12,31-10,21-20,13-3,35-17,99.9,96.0,+3.9,L3,4-6,y -- MIA Miami Heat,2005
50,32,.610,14,31-10,19-22,11-5,34-18,97.6,95.4,+2.2,W2,7-3,x -- CLE Cleveland Cavaliers,2005
49,33,.598,15,29-12,20-21,10-6,33-19,93.8,92.4,+1.4,L2,5-5,y -- NJ New Jersey Nets,2005
49,33,.598,15,30-11,19-22,6-10,31-21,92.2,88.5,+3.7,W5,8-2,x -- MEM Memphis Grizzlies,2005
47,35,.573,17,27-14,20-21,7-9,27-25,97.2,95.6,+1.6,W1,5-5,x -- LAC LA Clippers,2005
45,37,.549,19,27-14,18-23,9-7,27-25,99.4,96.9,+2.5,W5,7-3,x -- LAL Los Angeles Lakers,2005
44,38,.537,20,26-15,18-23,10-6,25-27,100.3,100.1,+0.2,L4,4-6,y -- DEN Denver Nuggets,2005
44,38,.537,20,27-14,17-24,10-6,30-22,98.9,97.3,+1.6,W3,8-2,x -- SAC Sacramento Kings,2005
42,40,.512,22,27-14,15-26,8-8,29-23,101.7,99.8,+1.9,W3,5-5,x -- WSH Washington Wizards,2005
41,41,.500,23,27-14,14-27,6-10,24-28,93.9,92.0,+1.9,W2,6-4,x -- IND Indiana Pacers,2005
41,41,.500,23,21-20,20-21,4-12,30-22,97.8,97.2,+0.6,W6,9-1,x -- CHI Chicago Bulls,2005
41,41,.500,23,22-19,19-22,11-5,26-26,92.4,95.0,-2.6,W1,7-3,UTAH Utah Jazz,2005
40,42,.488,24,25-16,15-26,6-10,29-23,97.8,98.8,-1.0,L1,4-6,x -- MIL Milwaukee Bucks,2005
38,44,.463,26,23-18,15-26,10-6,22-30,99.4,101.3,-1.9,L1,4-6,PHI Philadelphia 76ers,2005
38,44,.463,26,24-17,14-27,7-9,25-27,92.8,95.6,-2.8,L4,3-7,"NO NO/Oklahoma City
 Hornets",2005
36,46,.439,28,26-15,10-31,9-7,24-28,94.9,96.0,-1.1,L2,8-2,ORL Orlando Magic,2005
35,47,.427,29,22-19,13-28,10-6,20-32,102.6,105.6,-3.0,W1,6-4,SEA Seattle SuperSonics,2005
34,48,.415,30,15-26,19-22,1-15,19-33,90.1,91.7,-1.6,L1,2-8,HOU Houston Rockets,2005
34,48,.415,30,21-20,13-28,4-12,19-33,98.5,99.8,-1.3,L1,4-6,GS Golden State Warriors,2005
33,49,.402,31,21-20,12-29,10-6,19-33,98.0,99.5,-1.5,W1,3-7,BOS Boston Celtics,2005
33,49,.402,31,24-17,9-32,6-10,20-32,91.7,93.6,-1.9,L3,3-7,MIN Minnesota Timberwolves,2005
27,55,.329,37,15-26,12-29,6-10,20-32,101.1,104.0,-2.9,L2,1-9,TOR Toronto Raptors,2005
26,56,.317,38,17-24,9-32,5-11,18-34,96.9,100.9,-4.0,W4,6-4,CHA Charlotte Bobcats,2005
26,56,.317,38,18-23,8-33,5-11,19-33,97.2,102.0,-4.8,L1,4-6,ATL Atlanta Hawks,2005
23,59,.280,41,15-26,8-33,4-12,15-37,95.6,102.0,-6.4,W1,4-6,NY New York Knicks,2005
21,61,.256,43,15-26,6-35,3-13,10-42,88.8,98.3,-9.5,L8,1-9,POR Portland Trail Blazers,2005
67,15,.817,-,36-5,31-10,14-2,40-12,100.0,92.8,+7.2,W1,6-4,z -- DAL Dallas Mavericks,2006
61,21,.744,6,33-8,28-13,11-5,36-16,110.2,102.9,+7.3,L2,7-3,y -- PHX Phoenix Suns,2006
58,24,.707,9,31-10,27-14,10-6,38-14,98.5,90.1,+8.4,L3,6-4,x -- SA San Antonio Spurs,2006
53,29,.646,14,26-15,27-14,9-7,36-16,96.0,91.8,+4.2,W2,7-3,z -- DET Detroit Pistons,2006
52,30,.634,15,28-13,24-17,8-8,28-24,97.0,92.1,+4.9,L1,6-4,x -- HOU Houston Rockets,2006
51,31,.622,16,31-10,20-21,10-6,32-20,101.5,98.6,+2.9,W2,4-6,y -- UTAH Utah Jazz,2006
50,32,.610,17,30-11,20-21,10-6,31-21,96.8,92.9,+3.9,W4,7-3,x -- CLE Cleveland Cavaliers,2006
49,33,.598,18,31-10,18-23,12-4,36-16,98.8,93.8,+5.0,L1,7-3,x -- CHI Chicago Bulls,2006
47,35,.573,20,30-11,17-24,11-5,33-19,99.5,98.5,+1.0,L2,7-3,y -- TOR Toronto Raptors,2006
45,37,.549,22,23-18,22-19,9-7,27-25,105.4,103.7,+1.7,W2,9-1,x -- DEN Denver Nuggets,2006
44,38,.537,23,27-14,17-24,9-7,27-25,94.6,95.5,-0.9,L2,5-5,y -- MIA Miami Heat,2006
42,40,.512,25,25-16,17-24,10-6,28-24,103.3,103.4,-0.1,W2,4-6,x -- LAL Los Angeles Lakers,2006
42,40,.512,25,30-11,12-29,6-10,28-24,106.5,106.9,-0.4,W5,9-1,x -- GS Golden State Warriors,2006
41,41,.500,26,24-17,17-24,10-6,31-21,97.6,98.3,-0.7,W4,8-2,x -- NJ New Jersey Nets,2006
41,41,.500,26,26-15,15-26,8-8,27-25,104.3,104.9,-0.6,W1,2-8,x -- WSH Washington Wizards,2006
40,42,.488,27,25-16,15-26,9-7,26-26,94.8,94.0,+0.8,W4,7-3,x -- ORL Orlando Magic,2006
40,42,.488,27,25-16,15-26,8-8,23-29,95.6,96.1,-0.5,L1,5-5,LAC LA Clippers,2006
39,43,.476,28,24-17,15-26,6-10,23-29,95.5,97.1,-1.6,W2,7-3,NO NO/Oklahoma City Hornets,2006
35,47,.427,32,22-19,13-28,8-8,25-27,95.6,98.0,-2.4,L4,4-6,IND Indiana Pacers,2006
35,47,.427,32,21-20,14-27,9-7,24-28,94.9,98.0,-3.1,W1,6-4,PHI Philadelphia 76ers,2006
33,49,.402,34,20-21,13-28,5-11,18-34,101.3,103.1,-1.8,L2,3-7,SAC Sacramento Kings,2006
33,49,.402,34,20-21,13-28,9-7,24-28,96.9,100.6,-3.7,L1,6-4,CHA Charlotte Bobcats,2006
33,49,.402,34,19-22,14-27,3-13,22-30,97.5,100.3,-2.8,W1,2-8,NY New York Knicks,2006
32,50,.390,35,18-23,14-27,7-9,19-33,94.1,98.4,-4.3,L2,3-7,POR Portland Trail Blazers,2006
32,50,.390,35,20-21,12-29,6-10,18-34,96.1,99.7,-3.6,L7,2-8,MIN Minnesota Timberwolves,2006
31,51,.378,36,20-21,11-30,8-8,18-34,99.1,102.0,-2.9,L5,1-9,SEA Seattle SuperSonics,2006
30,52,.366,37,18-23,12-29,5-11,17-35,93.7,98.4,-4.7,W1,3-7,ATL Atlanta Hawks,2006
28,54,.341,39,18-23,10-31,1-15,15-37,99.7,104.0,-4.3,L1,3-7,MIL Milwaukee Bucks,2006
24,58,.293,43,12-29,12-29,7-9,16-36,95.8,99.2,-3.4,L1,2-8,BOS Boston Celtics,2006
22,60,.268,45,14-27,8-33,2-14,14-38,101.6,106.7,-5.1,W3,4-6,MEM Memphis Grizzlies,2006
66,16,.805,-,35-6,31-10,14-2,41-11,100.5,90.3,+10.2,W4,9-1,z -- BOS Boston Celtics,2007
59,23,.720,7,34-7,25-16,11-5,37-15,97.5,90.1,+7.4,W4,8-2,y -- DET Detroit Pistons,2007
57,25,.695,9,30-11,27-14,12-4,37-15,108.6,101.3,+7.3,W4,8-2,z -- LAL Los Angeles Lakers,2007
56,26,.683,10,30-11,26-15,10-6,34-18,100.9,95.6,+5.3,L1,6-4,y -- NO New Orleans Hornets,2007
56,26,.683,10,34-7,22-19,10-6,33-19,95.4,90.6,+4.8,W2,7-3,x -- SA San Antonio Spurs,2007
55,27,.671,11,31-10,24-17,8-8,33-19,96.7,92.0,+4.7,W1,6-4,x -- HOU Houston Rockets,2007
55,27,.671,11,30-11,25-16,10-6,31-21,110.1,105.0,+5.1,W2,7-3,x -- PHX Phoenix Suns,2007
54,28,.659,12,37-4,17-24,10-6,33-19,106.2,99.3,+6.9,L1,7-3,y -- UTAH Utah Jazz,2007
52,30,.634,14,25-16,27-14,12-4,38-14,104.5,99.0,+5.5,W3,6-4,y -- ORL Orlando Magic,2007
51,31,.622,15,34-7,17-24,10-6,33-19,100.4,95.9,+4.5,W1,6-4,x -- DAL Dallas Mavericks,2007
50,32,.610,16,33-8,17-24,10-6,31-21,110.7,107.0,+3.7,W2,6-4,x -- DEN Denver Nuggets,2007
48,34,.585,18,27-14,21-20,10-6,28-24,111.0,108.8,+2.2,L2,4-6,GS Golden State Warriors,2007
45,37,.549,21,27-14,18-23,7-9,28-24,96.4,96.7,-0.3,L1,5-5,x -- CLE Cleveland Cavaliers,2007
43,39,.524,23,25-16,18-23,10-6,29-23,98.8,99.2,-0.4,L1,5-5,x -- WSH Washington Wizards,2007
41,41,.500,25,25-16,16-25,10-6,29-23,100.2,97.3,+2.9,L1,4-6,x -- TOR Toronto Raptors,2007
41,41,.500,25,28-13,13-28,11-5,26-26,95.4,96.3,-0.9,L1,3-7,POR Portland Trail Blazers,2007
40,42,.488,26,22-19,18-23,7-9,25-27,96.6,96.2,+0.4,L4,3-7,x -- PHI Philadelphia 76ers,2007
38,44,.463,28,26-15,12-29,3-13,21-31,102.5,104.8,-2.3,L2,6-4,SAC Sacramento Kings,2007
37,45,.451,29,25-16,12-29,9-7,24-28,98.2,100.0,-1.8,L3,5-5,x -- ATL Atlanta Hawks,2007
36,46,.439,30,21-20,15-26,5-11,24-28,104.0,105.4,-1.4,W1,7-3,IND Indiana Pacers,2007
34,48,.415,32,21-20,13-28,4-12,26-26,95.8,100.9,-5.1,L1,3-7,NJ New Jersey Nets,2007
33,49,.402,33,20-21,13-28,11-5,24-28,97.3,100.4,-3.1,W2,5-5,CHI Chicago Bulls,2007
32,50,.390,34,21-20,11-30,7-9,19-33,97.1,101.4,-4.3,W1,5-5,CHA Charlotte Bobcats,2007
26,56,.317,40,19-22,7-34,6-10,18-34,97.0,103.9,-6.9,L8,2-8,MIL Milwaukee Bucks,2007
23,59,.280,43,13-28,10-31,5-11,13-39,93.8,101.1,-7.3,L7,2-8,LAC LA Clippers,2007
23,59,.280,43,15-26,8-33,5-11,20-32,96.9,103.5,-6.6,L3,3-7,NY New York Knicks,2007
22,60,.268,44,15-26,7-34,3-13,14-38,95.6,102.4,-6.8,W1,3-7,MIN Minnesota Timberwolves,2007
22,60,.268,44,14-27,8-33,2-14,11-41,100.7,106.9,-6.2,L3,3-7,MEM Memphis Grizzlies,2007
20,62,.244,46,13-28,7-34,6-10,12-40,97.5,106.3,-8.8,W2,3-7,SEA Seattle SuperSonics,2007
15,67,.183,51,9-32,6-35,2-14,8-44,91.4,100.0,-8.6,W1,2-8,MIA Miami Heat,2007
66,16,.805,-,39-2,27-14,13-3,40-12,100.3,91.4,+8.9,L1,7-3,z -- CLE Cleveland Cavaliers,2008
65,17,.793,1,36-5,29-12,14-2,44-8,106.9,99.3,+7.6,W2,7-3,z -- LAL Los Angeles Lakers,2008
62,20,.756,4,35-6,27-14,15-1,41-11,100.9,93.4,+7.5,W2,8-2,y -- BOS Boston Celtics,2008
59,23,.720,7,32-9,27-14,14-2,37-15,101.0,94.4,+6.6,W1,5-5,y -- ORL Orlando Magic,2008
54,28,.659,12,33-8,21-20,12-4,35-17,104.3,100.9,+3.4,L1,8-2,y -- DEN Denver Nuggets,2008
54,28,.659,12,28-13,26-15,10-6,36-16,97.0,93.3,+3.7,W4,6-4,y -- SA San Antonio Spurs,2008
54,28,.659,12,34-7,20-21,11-5,32-20,99.4,94.1,+5.3,W6,9-1,x -- POR Portland Trail Blazers,2008
53,29,.646,13,33-8,20-21,9-7,35-17,98.4,94.4,+4.0,L1,6-4,x -- HOU Houston Rockets,2008
50,32,.610,16,32-9,18-23,7-9,29-23,101.7,99.8,+1.9,W2,7-3,x -- DAL Dallas Mavericks,2008
49,33,.598,17,28-13,21-20,9-7,30-22,95.8,94.3,+1.5,L2,4-6,x -- NO New Orleans Hornets,2008
48,34,.585,18,33-8,15-26,10-6,33-19,103.6,100.9,+2.7,L1,3-7,x -- UTAH Utah Jazz,2008
47,35,.573,19,31-10,16-25,11-5,30-22,98.1,96.5,+1.6,L1,5-5,x -- ATL Atlanta Hawks,2008
46,36,.561,20,28-13,18-23,11-5,30-22,109.4,107.5,+1.9,W3,6-4,PHX Phoenix Suns,2008
43,39,.524,23,28-13,15-26,9-7,28-24,98.3,98.0,+0.3,W1,5-5,x -- MIA Miami Heat,2008
41,41,.500,25,24-17,17-24,6-10,25-27,97.4,97.3,+0.1,W1,4-6,x -- PHI Philadelphia 76ers,2008
41,41,.500,25,28-13,13-28,9-7,24-28,102.2,102.5,-0.3,L1,7-3,x -- CHI Chicago Bulls,2008
39,43,.476,27,21-20,18-23,7-9,26-26,94.2,94.7,-0.5,L3,4-6,x -- DET Detroit Pistons,2008
36,46,.439,30,25-16,11-30,7-9,23-29,105.1,106.2,-1.1,W1,6-4,IND Indiana Pacers,2008
35,47,.427,31,23-18,12-29,5-11,20-32,93.6,94.9,-1.3,L4,3-7,CHA Charlotte Bobcats,2008
34,48,.415,32,19-22,15-26,8-8,23-29,98.1,100.5,-2.4,L1,4-6,NJ New Jersey Nets,2008
34,48,.415,32,22-19,12-29,4-12,21-31,99.3,100.4,-1.1,L1,3-7,MIL Milwaukee Bucks,2008
33,49,.402,33,18-23,15-26,6-10,22-30,99.0,101.9,-2.9,W3,6-4,TOR Toronto Raptors,2008
32,50,.390,34,20-21,12-29,5-11,20-32,105.2,107.8,-2.6,W1,3-7,NY New York Knicks,2008
29,53,.354,37,21-20,8-33,6-10,18-34,108.6,112.3,-3.7,L2,4-6,GS Golden State Warriors,2008
24,58,.293,42,11-30,13-28,3-13,13-39,97.8,102.7,-4.9,L3,4-6,MIN Minnesota Timberwolves,2008
24,58,.293,42,16-25,8-33,5-11,14-38,93.9,99.3,-5.4,W1,6-4,MEM Memphis Grizzlies,2008
23,59,.280,43,15-26,8-33,4-12,15-37,97.0,103.1,-6.1,W1,3-7,OKC Oklahoma City Thunder,2008
19,63,.232,47,11-30,8-33,2-14,10-42,95.1,103.9,-8.8,L3,1-9,LAC LA Clippers,2008
19,63,.232,47,13-28,6-35,1-15,10-42,96.1,103.5,-7.4,L2,3-7,WSH Washington Wizards,2008
17,65,.207,49,11-30,6-35,7-9,16-36,100.6,109.3,-8.7,W1,1-9,SAC Sacramento Kings,2008
61,21,.744,-,35-6,26-15,12-4,38-14,102.1,95.6,+6.5,L4,4-6,z -- CLE Cleveland Cavaliers,2009
59,23,.720,2,34-7,25-16,10-6,39-13,102.8,95.3,+7.5,W6,9-1,y -- ORL Orlando Magic,2009
57,25,.695,4,34-7,23-18,13-3,35-17,101.7,97.0,+4.7,L1,4-6,z -- LAL Los Angeles Lakers,2009
55,27,.671,6,28-13,27-14,10-6,33-19,102.0,99.3,+2.7,W5,8-2,y -- DAL Dallas Mavericks,2009
54,28,.659,7,32-9,22-19,12-4,35-17,110.2,105.3,+4.9,W3,8-2,x -- PHX Phoenix Suns,2009
53,29,.646,8,34-7,19-22,12-4,34-18,106.5,102.4,+4.1,L1,6-4,y -- DEN Denver Nuggets,2009
53,29,.646,8,34-7,19-22,8-8,32-20,101.7,97.0,+4.7,W4,7-3,x -- ATL Atlanta Hawks,2009
53,29,.646,8,32-9,21-20,8-8,31-21,104.2,98.9,+5.3,L1,6-4,x -- UTAH Utah Jazz,2009
50,32,.610,11,24-17,26-15,13-3,33-19,99.2,95.6,+3.6,L2,3-7,y -- BOS Boston Celtics,2009
50,32,.610,11,26-15,24-17,8-8,33-19,98.1,94.8,+3.3,L1,7-3,x -- POR Portland Trail Blazers,2009
50,32,.610,11,29-12,21-20,9-7,31-21,101.4,96.3,+5.1,L1,6-4,x -- SA San Antonio Spurs,2009
50,32,.610,11,27-14,23-18,9-7,28-24,101.5,98.0,+3.5,W1,6-4,x -- OKC Oklahoma City Thunder,2009
47,35,.573,14,24-17,23-18,9-7,32-20,96.5,94.2,+2.3,W3,9-1,x -- MIA Miami Heat,2009
46,36,.561,15,28-13,18-23,10-6,31-21,97.7,96.0,+1.7,W1,6-4,x -- MIL Milwaukee Bucks,2009
44,38,.537,17,31-10,13-28,10-6,27-25,95.3,93.8,+1.5,L1,6-4,x -- CHA Charlotte Bobcats,2009
42,40,.512,19,23-18,19-22,9-7,28-24,102.4,102.7,-0.3,L1,6-4,HOU Houston Rockets,2009
41,41,.500,20,24-17,17-24,10-6,28-24,97.5,99.1,-1.6,W3,7-3,x -- CHI Chicago Bulls,2009
40,42,.488,21,25-16,15-26,11-5,29-23,104.1,105.9,-1.8,W2,5-5,TOR Toronto Raptors,2009
40,42,.488,21,23-18,17-24,5-11,22-30,102.5,104.0,-1.5,L3,2-8,MEM Memphis Grizzlies,2009
37,45,.451,24,24-17,13-28,7-9,26-26,100.2,102.7,-2.5,W2,3-7,NO New Orleans Hornets,2009
32,50,.390,29,23-18,9-32,6-10,23-29,100.8,103.8,-3.0,L2,6-4,IND Indiana Pacers,2009
29,53,.354,32,18-23,11-30,6-10,20-32,102.1,105.9,-3.8,L1,3-7,NY New York Knicks,2009
29,53,.354,32,21-20,8-33,5-11,15-37,95.7,102.1,-6.4,W1,2-8,LAC LA Clippers,2009
27,55,.329,34,17-24,10-31,2-14,18-34,94.0,99.1,-5.1,W1,4-6,DET Detroit Pistons,2009
27,55,.329,34,12-29,15-26,7-9,14-38,97.7,101.6,-3.9,L2,2-8,PHI Philadelphia 76ers,2009
26,56,.317,35,18-23,8-33,5-11,15-37,108.8,112.4,-3.6,W1,6-4,GS Golden State Warriors,2009
26,56,.317,35,15-26,11-30,3-13,18-34,96.2,101.0,-4.8,W1,5-5,WSH Washington Wizards,2009
25,57,.305,36,18-23,7-34,5-11,16-36,100.0,104.4,-4.4,L3,1-9,SAC Sacramento Kings,2009
15,67,.183,46,10-31,5-36,3-13,8-44,98.2,107.8,-9.6,L7,1-9,MIN Minnesota Timberwolves,2009
12,70,.146,49,8-33,4-37,3-13,8-44,92.4,101.5,-9.1,L3,3-7,NJ New Jersey Nets,2009
62,20,.756,-,36-5,26-15,15-1,39-13,98.6,91.3,+7.3,W9,9-1,z -- CHI Chicago Bulls,2010
61,21,.744,1,36-5,25-16,10-6,38-14,103.7,98.0,+5.7,L2,4-6,z -- SA San Antonio Spurs,2010
58,24,.707,4,30-11,28-13,13-3,38-14,102.1,94.6,+7.5,W4,8-2,y -- MIA Miami Heat,2010
57,25,.695,5,30-11,27-14,12-4,36-16,101.5,95.4,+6.1,W2,5-5,y -- LAL Los Angeles Lakers,2010
57,25,.695,5,29-12,28-13,8-8,35-17,100.2,96.0,+4.2,W4,6-4,x -- DAL Dallas Mavericks,2010
56,26,.683,6,33-8,23-18,13-3,37-15,96.5,91.1,+5.4,W1,5-5,y -- BOS Boston Celtics,2010
55,27,.671,7,30-11,25-16,13-3,33-19,104.8,101.0,+3.8,L1,7-3,y -- OKC Oklahoma City Thunder,2010
52,30,.634,10,29-12,23-18,11-5,36-16,99.2,93.7,+5.5,W2,6-4,x -- ORL Orlando Magic,2010
50,32,.610,12,33-8,17-24,9-7,30-22,107.5,102.7,+4.8,L1,7-3,x -- DEN Denver Nuggets,2010
48,34,.585,14,30-11,18-23,10-6,30-22,96.3,94.8,+1.5,L1,6-4,x -- POR Portland Trail Blazers,2010
46,36,.561,16,28-13,18-23,9-7,27-25,94.9,94.0,+0.9,L3,5-5,x -- NO New Orleans Hornets,2010
46,36,.561,16,30-11,16-25,8-8,30-22,99.9,97.6,+2.3,L2,6-4,x -- MEM Memphis Grizzlies,2010
44,38,.537,18,24-17,20-21,9-7,31-21,95.0,95.8,-0.8,L6,4-6,x -- ATL Atlanta Hawks,2010
43,39,.524,19,25-16,18-23,5-11,25-27,105.9,103.7,+2.2,W1,5-5,HOU Houston Rockets,2010
42,40,.512,20,23-18,19-22,10-6,28-24,106.5,105.7,+0.8,L2,7-3,x -- NY New York Knicks,2010
41,41,.500,21,26-15,15-26,9-7,25-27,99.0,97.5,+1.5,L2,4-6,x -- PHI Philadelphia 76ers,2010
40,42,.488,22,23-18,17-24,9-7,23-29,105.0,105.9,-0.9,W2,4-6,PHX Phoenix Suns,2010
39,43,.476,23,21-20,18-23,7-9,21-31,99.4,101.3,-1.9,W2,3-7,UTAH Utah Jazz,2010
37,45,.451,25,24-17,13-28,9-7,28-24,99.8,100.9,-1.1,L2,5-5,x -- IND Indiana Pacers,2010
36,46,.439,26,26-15,10-31,5-11,21-31,103.4,105.7,-2.3,W1,6-4,GS Golden State Warriors,2010
35,47,.427,27,22-19,13-28,6-10,26-26,91.9,92.7,-0.8,W3,6-4,MIL Milwaukee Bucks,2010
34,48,.415,28,21-20,13-28,4-12,22-30,93.3,97.3,-4.0,W2,4-6,CHA Charlotte Bobcats,2010
32,50,.390,30,23-18,9-32,7-9,19-33,98.6,101.8,-3.2,W1,4-6,LAC LA Clippers,2010
30,52,.366,32,21-20,9-32,7-9,22-30,97.0,100.6,-3.6,W1,5-5,DET Detroit Pistons,2010
24,58,.293,38,19-22,5-36,3-13,13-39,94.2,100.4,-6.2,L5,1-9,NJ New Jersey Nets,2010
24,58,.293,38,11-30,13-28,7-9,15-37,99.4,104.7,-5.3,L2,4-6,SAC Sacramento Kings,2010
23,59,.280,39,20-21,3-38,3-13,16-36,97.3,104.7,-7.4,L1,6-4,WSH Washington Wizards,2010
22,60,.268,40,16-25,6-35,5-11,14-38,99.1,105.4,-6.3,L2,2-8,TOR Toronto Raptors,2010
19,63,.232,43,12-29,7-34,3-13,15-37,95.5,104.5,-9.0,W2,5-5,CLE Cleveland Cavaliers,2010
17,65,.207,45,12-29,5-36,1-15,7-45,101.1,107.7,-6.6,L15,0-10,MIN Minnesota Timberwolves,2010
50,16,.758,-,26-7,24-9,13-1,38-10,96.3,88.2,+8.1,W3,7-3,z -- CHI Chicago Bulls,2011
50,16,.758,-,28-5,22-11,12-4,35-13,103.7,96.5,+7.2,W10,10-0,z -- SA San Antonio Spurs,2011
47,19,.712,3,26-7,21-12,10-3,34-14,103.1,96.9,+6.2,L1,6-4,y -- OKC Oklahoma City Thunder,2011
46,20,.697,4,28-5,18-15,9-5,35-13,98.5,92.5,+6.0,L2,6-4,y -- MIA Miami Heat,2011
42,24,.636,8,23-10,19-14,9-4,29-19,97.7,94.4,+3.3,L1,8-2,x -- IND Indiana Pacers,2011
41,25,.621,9,26-7,15-18,9-5,32-16,97.3,95.9,+1.4,L1,6-4,y -- LAL Los Angeles Lakers,2011
41,25,.621,9,26-7,15-18,7-8,26-22,95.0,93.0,+2.0,W6,8-2,x -- MEM Memphis Grizzlies,2011
40,26,.606,10,23-10,17-16,11-3,31-17,96.6,93.2,+3.4,W2,7-3,x -- ATL Atlanta Hawks,2011
40,26,.606,10,24-9,16-17,7-7,29-19,97.5,95.0,+2.5,L2,6-4,x -- LAC LA Clippers,2011
39,27,.591,11,24-9,15-18,8-6,32-16,91.8,89.3,+2.5,W2,7-3,y -- BOS Boston Celtics,2011
38,28,.576,12,20-13,18-15,6-7,22-26,104.1,101.2,+2.9,W4,8-2,x -- DEN Denver Nuggets,2011
37,29,.561,13,21-12,16-17,8-7,30-18,94.2,93.4,+0.8,L1,4-6,x -- ORL Orlando Magic,2011
36,30,.545,14,23-10,13-20,8-5,26-22,95.8,94.8,+1.0,L2,5-5,x -- DAL Dallas Mavericks,2011
36,30,.545,14,22-11,14-19,8-6,28-20,97.8,94.7,+3.1,W3,7-3,x -- NY New York Knicks,2011
36,30,.545,14,25-8,11-22,9-4,25-23,99.7,99.0,+0.7,W5,7-3,x -- UTAH Utah Jazz,2011
35,31,.530,15,19-14,16-17,7-6,28-20,93.6,89.4,+4.2,L1,6-4,x -- PHI Philadelphia 76ers,2011
34,32,.515,16,22-11,12-21,6-8,23-25,98.1,97.9,+0.2,W1,3-7,HOU Houston Rockets,2011
33,33,.500,17,19-14,14-19,9-5,23-25,98.4,98.6,-0.2,L3,4-6,PHX Phoenix Suns,2011
31,35,.470,19,17-16,14-19,7-8,24-24,99.0,98.7,+0.3,L2,3-7,MIL Milwaukee Bucks,2011
28,38,.424,22,20-13,8-25,4-10,20-28,97.2,97.8,-0.6,L7,1-9,POR Portland Trail Blazers,2011
26,40,.394,24,13-20,13-20,4-9,19-29,97.9,100.1,-2.2,L2,1-9,MIN Minnesota Timberwolves,2011
25,41,.379,25,18-15,7-26,4-11,20-28,90.9,95.7,-4.8,W1,4-6,DET Detroit Pistons,2011
23,43,.348,27,13-20,10-23,7-8,15-33,90.7,94.0,-3.3,W1,3-7,TOR Toronto Raptors,2011
23,43,.348,27,12-21,11-22,7-8,16-32,97.8,101.2,-3.4,L2,1-9,GS Golden State Warriors,2011
22,44,.333,28,9-24,13-20,5-9,16-32,93.1,99.1,-6.0,L6,3-7,NJ New Jersey Nets,2011
22,44,.333,28,16-17,6-27,3-10,16-32,98.8,104.4,-5.6,W1,3-7,SAC Sacramento Kings,2011
21,45,.318,29,11-22,10-23,3-12,13-35,93.0,100.2,-7.2,L4,2-8,CLE Cleveland Cavaliers,2011
21,45,.318,29,11-22,10-23,3-11,14-34,89.6,93.4,-3.8,L1,6-4,NO New Orleans Hornets,2011
20,46,.303,30,11-22,9-24,7-7,16-32,93.6,98.4,-4.8,W6,8-2,WSH Washington Wizards,2011
7,59,.106,43,4-29,3-30,1-14,5-43,87.0,100.9,-13.9,L23,0-10,CHA Charlotte Bobcats,2011
66,16,.805,-,37-4,29-12,15-1,41-11,102.9,95.0,+7.9,W8,9-1,z -- MIA Miami Heat,2012
60,22,.732,6,34-7,26-15,10-6,39-13,105.7,96.5,+9.2,L1,7-3,z -- OKC Oklahoma City Thunder,2012
58,24,.707,8,35-6,23-18,12-4,33-19,103.0,96.6,+6.4,L3,3-7,y -- SA San Antonio Spurs,2012
57,25,.695,9,38-3,19-22,11-5,38-14,106.1,101.1,+5.0,W3,8-2,x -- DEN Denver Nuggets,2012
56,26,.683,10,32-9,24-17,11-5,35-17,101.1,94.6,+6.5,W7,7-3,y -- LAC LA Clippers,2012
56,26,.683,10,32-9,24-17,10-6,34-18,93.4,89.3,+4.1,W2,8-2,x -- MEM Memphis Grizzlies,2012
54,28,.659,12,31-10,23-18,10-6,37-15,100.0,95.7,+4.3,W1,8-2,y -- NY New York Knicks,2012
49,32,.605,16.5,30-11,19-21,13-3,31-20,94.7,90.7,+4.0,L3,5-5,y -- IND Indiana Pacers,2012
49,33,.598,17,26-15,23-18,11-5,36-16,96.9,95.1,+1.8,W2,7-3,x -- BKN Brooklyn Nets,2012
47,35,.573,19,28-13,19-22,9-7,28-24,101.2,100.3,+0.9,W2,6-4,x -- GS Golden State Warriors,2012
45,37,.549,21,24-17,21-20,9-7,34-18,93.2,92.9,+0.3,W2,5-5,x -- CHI Chicago Bulls,2012
45,37,.549,21,29-12,16-25,8-8,28-24,102.2,101.0,+1.2,W5,8-2,x -- LAL Los Angeles Lakers,2012
45,37,.549,21,29-12,16-25,6-10,24-28,106.0,102.5,+3.5,L2,6-4,x -- HOU Houston Rockets,2012
44,38,.537,22,25-16,19-22,11-5,29-23,98.0,97.5,+0.5,L2,4-6,x -- ATL Atlanta Hawks,2012
43,39,.524,23,30-11,13-28,9-7,26-26,98.0,98.1,-0.1,L1,7-3,UTAH Utah Jazz,2012
41,40,.506,24.5,27-13,14-27,7-9,27-24,96.5,96.7,-0.2,L1,4-6,x -- BOS Boston Celtics,2012
41,41,.500,25,24-17,17-24,7-9,24-28,101.1,101.7,-0.6,W1,6-4,DAL Dallas Mavericks,2012
38,44,.463,28,21-20,17-24,7-9,24-28,98.9,100.4,-1.5,W1,3-7,x -- MIL Milwaukee Bucks,2012
34,48,.415,32,23-18,11-30,7-9,22-30,93.2,96.5,-3.3,W1,5-5,PHI Philadelphia 76ers,2012
34,48,.415,32,21-20,13-28,5-11,22-30,97.2,98.7,-1.5,W5,7-3,TOR Toronto Raptors,2012
33,49,.402,33,22-19,11-30,6-10,18-34,97.5,100.7,-3.2,L13,0-10,POR Portland Trail Blazers,2012
31,51,.378,35,20-21,11-30,4-12,17-35,95.7,98.1,-2.4,W1,5-5,MIN Minnesota Timberwolves,2012
29,53,.354,37,18-23,11-30,8-8,25-27,94.9,98.8,-3.9,L1,5-5,DET Detroit Pistons,2012
29,53,.354,37,22-19,7-34,5-11,15-37,93.2,95.8,-2.6,L6,3-7,WSH Washington Wizards,2012
28,54,.341,38,20-21,8-33,7-9,14-38,100.2,105.1,-4.9,L4,2-8,SAC Sacramento Kings,2012
27,55,.329,39,16-25,11-30,5-11,15-37,94.1,97.9,-3.8,L5,2-8,NO New Orleans Hornets,2012
25,57,.305,41,17-24,8-33,5-11,17-35,95.2,101.6,-6.4,L1,2-8,PHX Phoenix Suns,2012
24,58,.293,42,14-27,10-31,3-13,18-34,96.5,101.2,-4.7,L6,2-8,CLE Cleveland Cavaliers,2012
21,61,.256,45,15-26,6-35,6-10,18-34,93.4,102.7,-9.3,W3,4-6,CHA Charlotte Bobcats,2012
20,62,.244,46,12-29,8-33,3-13,10-42,94.1,101.1,-7.0,L3,2-8,ORL Orlando Magic,2012
62,20,.756,-,32-9,30-11,12-4,38-14,105.4,97.6,+7.8,L2,6-4,z -- SA San Antonio Spurs,2013
59,23,.720,3,34-7,25-16,11-5,36-16,106.2,99.8,+6.4,W1,6-4,y -- OKC Oklahoma City Thunder,2013
57,25,.695,5,34-7,23-18,12-4,36-16,107.9,101.0,+6.9,L1,7-3,y -- LAC LA Clippers,2013
56,26,.683,6,35-6,21-20,12-4,38-14,96.7,92.3,+4.4,W2,4-6,z -- IND Indiana Pacers,2013
54,28,.659,8,32-9,22-19,12-4,34-18,102.2,97.4,+4.8,L3,4-6,y -- MIA Miami Heat,2013
54,28,.659,8,33-8,21-20,11-5,31-21,107.7,103.1,+4.6,L1,5-5,x -- HOU Houston Rockets,2013
54,28,.659,8,31-10,23-18,13-3,31-21,106.7,102.8,+3.9,W5,9-1,x -- POR Portland Trail Blazers,2013
51,31,.622,11,27-14,24-17,11-5,31-21,104.3,99.5,+4.8,W2,6-4,x -- GS Golden State Warriors,2013
50,32,.610,12,27-14,23-18,4-12,29-23,96.1,94.6,+1.5,W5,7-3,x -- MEM Memphis Grizzlies,2013
49,33,.598,13,26-15,23-18,9-7,29-23,104.8,102.4,+2.4,L1,6-4,x -- DAL Dallas Mavericks,2013
48,34,.585,14,26-15,22-19,11-5,32-20,101.3,98.0,+3.3,L1,7-3,y -- TOR Toronto Raptors,2013
48,34,.585,14,27-14,21-20,11-5,35-17,93.7,91.8,+1.9,L1,8-2,x -- CHI Chicago Bulls,2013
48,34,.585,14,26-15,22-19,8-8,28-24,105.2,102.6,+2.6,W1,5-5,PHX Phoenix Suns,2013
44,38,.537,18,22-19,22-19,10-6,33-19,100.7,99.4,+1.3,W4,7-3,x -- WSH Washington Wizards,2013
44,38,.537,18,28-13,16-25,9-7,26-26,98.5,99.5,-1.0,L2,5-5,x -- BKN Brooklyn Nets,2013
43,39,.524,19,25-16,18-23,6-10,30-22,96.9,97.1,-0.2,W3,8-2,x -- CHA Charlotte Bobcats,2013
40,42,.488,22,24-17,16-25,7-9,23-29,106.9,104.3,+2.6,L3,4-6,MIN Minnesota Timberwolves,2013
38,44,.463,24,24-17,14-27,8-8,28-24,101.0,101.5,-0.5,W1,7-3,x -- ATL Atlanta Hawks,2013
37,45,.451,25,19-22,18-23,10-6,26-26,98.6,99.4,-0.8,W4,7-3,NY New York Knicks,2013
36,46,.439,26,22-19,14-27,5-11,20-32,104.4,106.5,-2.1,L2,4-6,DEN Denver Nuggets,2013
34,48,.415,28,22-19,12-29,4-12,15-37,99.7,102.4,-2.7,W2,2-8,NO New Orleans Pelicans,2013
33,49,.402,29,19-22,14-27,7-9,21-31,98.2,101.5,-3.3,W1,5-5,CLE Cleveland Cavaliers,2013
29,53,.354,33,17-24,12-29,6-10,23-29,101.0,104.7,-3.7,L4,3-7,DET Detroit Pistons,2013
28,54,.341,34,17-24,11-30,3-13,15-37,100.5,103.4,-2.9,L1,3-7,SAC Sacramento Kings,2013
27,55,.329,35,14-27,13-28,6-10,15-37,103.0,109.2,-6.2,W2,3-7,LAL Los Angeles Lakers,2013
25,57,.305,37,16-25,9-32,5-11,21-31,96.2,100.7,-4.5,L2,2-8,BOS Boston Celtics,2013
25,57,.305,37,16-25,9-32,4-12,13-39,95.0,102.2,-7.2,W1,2-8,UTAH Utah Jazz,2013
23,59,.280,39,19-22,4-37,4-12,17-35,96.5,102.0,-5.5,L4,3-7,ORL Orlando Magic,2013
19,63,.232,43,10-31,9-32,5-11,14-38,99.5,109.9,-10.4,W2,4-6,PHI Philadelphia 76ers,2013
15,67,.183,47,10-31,5-36,4-12,12-40,95.5,103.7,-8.2,L3,1-9,MIL Milwaukee Bucks,2013
67,15,.817,-,39-2,28-13,13-3,42-10,110.0,99.9,+10.1,W4,8-2,z -- GS Golden State Warriors,2014
60,22,.732,7,35-6,25-16,12-4,38-14,102.5,97.1,+5.4,L3,5-5,z -- ATL Atlanta Hawks,2014
56,26,.683,11,30-11,26-15,8-8,33-19,103.9,100.5,+3.4,W3,7-3,y -- HOU Houston Rockets,2014
56,26,.683,11,30-11,26-15,12-4,37-15,106.7,100.1,+6.6,W7,9-1,x -- LAC LA Clippers,2014
55,27,.671,12,31-10,24-17,9-7,35-17,98.3,95.1,+3.2,W1,5-5,x -- MEM Memphis Grizzlies,2014
55,27,.671,12,33-8,22-19,8-8,32-20,103.2,97.0,+6.2,L1,9-1,x -- SA San Antonio Spurs,2014
53,29,.646,14,31-10,22-19,11-5,35-17,103.1,98.7,+4.4,W2,7-3,y -- CLE Cleveland Cavaliers,2014
51,31,.622,16,32-9,19-22,11-5,31-21,102.8,98.6,+4.2,L4,4-6,y -- POR Portland Trail Blazers,2014
50,32,.610,17,27-14,23-18,8-8,33-19,100.8,97.8,+3.0,W4,7-3,x -- CHI Chicago Bulls,2014
50,32,.610,17,27-14,23-18,7-9,29-23,105.2,102.3,+2.9,W1,5-5,x -- DAL Dallas Mavericks,2014
49,33,.598,18,27-14,22-19,11-5,33-19,104.0,100.9,+3.1,W1,7-3,y -- TOR Toronto Raptors,2014
46,36,.561,21,29-12,17-24,10-6,30-22,98.5,97.8,+0.7,L2,6-4,x -- WSH Washington Wizards,2014
45,37,.549,22,28-13,17-24,8-8,29-23,99.4,98.6,+0.8,W2,7-3,x -- NO New Orleans Pelicans,2014
45,37,.549,22,29-12,16-25,10-6,25-27,104.0,101.8,+2.2,W2,4-6,OKC Oklahoma City Thunder,2014
41,41,.500,26,23-18,18-23,7-9,30-22,97.8,97.4,+0.4,L1,5-5,x -- MIL Milwaukee Bucks,2014
40,42,.488,27,21-20,19-22,12-4,28-24,101.4,101.2,+0.2,W6,8-2,x -- BOS Boston Celtics,2014
39,43,.476,28,22-19,17-24,6-10,21-31,102.4,103.3,-0.9,L5,1-9,PHX Phoenix Suns,2014
38,44,.463,29,19-22,19-22,10-6,24-28,98.0,100.9,-2.9,W1,6-4,x -- BKN Brooklyn Nets,2014
38,44,.463,29,23-18,15-26,8-8,28-24,97.3,97.0,+0.3,L1,7-3,IND Indiana Pacers,2014
38,44,.463,29,21-20,17-24,9-7,23-29,95.1,94.9,+0.2,L1,7-3,UTAH Utah Jazz,2014
37,45,.451,30,20-21,17-24,6-10,25-27,94.7,97.3,-2.6,W2,4-6,MIA Miami Heat,2014
33,49,.402,34,19-22,14-27,8-8,25-27,94.2,97.3,-3.1,L6,2-8,CHA Charlotte Hornets,2014
32,50,.390,35,18-23,14-27,6-10,23-29,98.5,99.5,-1.0,W1,4-6,DET Detroit Pistons,2014
30,52,.366,37,19-22,11-30,6-10,19-33,101.5,105.0,-3.5,L2,3-7,DEN Denver Nuggets,2014
29,53,.354,38,18-23,11-30,7-9,18-34,101.3,105.0,-3.7,W2,3-7,SAC Sacramento Kings,2014
25,57,.305,42,13-28,12-29,4-12,15-37,95.7,101.4,-5.7,L4,3-7,ORL Orlando Magic,2014
21,61,.256,46,12-29,9-32,2-14,9-43,98.5,105.3,-6.8,L3,2-8,LAL Los Angeles Lakers,2014
18,64,.220,49,12-29,6-35,2-14,12-40,92.0,101.0,-9.0,L10,0-10,PHI Philadelphia 76ers,2014
17,65,.207,50,10-31,7-34,5-11,11-41,91.9,101.2,-9.3,L1,3-7,NY New York Knicks,2014
16,66,.195,51,9-32,7-34,4-12,7-45,97.8,106.5,-8.7,L12,0-10,MIN Minnesota Timberwolves,2014
73,9,.890,-,39-2,34-7,15-1,46-6,114.9,104.1,+10.8,W4,8-2,z -- GS Golden State Warriors,2015
67,15,.817,6,40-1,27-14,14-2,43-9,103.5,92.9,+10.6,W2,6-4,y -- SA San Antonio Spurs,2015
57,25,.695,16,33-8,24-17,8-8,35-17,104.3,98.3,+6.0,L1,6-4,z -- CLE Cleveland Cavaliers,2015
56,26,.683,17,32-9,24-17,14-2,39-13,102.7,98.2,+4.5,W4,7-3,y -- TOR Toronto Raptors,2015
55,27,.671,18,32-9,23-18,13-3,37-15,110.2,102.9,+7.3,L1,5-5,y -- OKC Oklahoma City Thunder,2015
53,29,.646,20,29-12,24-17,9-7,31-21,104.5,100.2,+4.3,L1,8-2,x -- LAC LA Clippers,2015
48,34,.585,25,28-13,20-21,10-6,31-21,100.0,98.4,+1.6,L1,6-4,y -- MIA Miami Heat,2015
48,34,.585,25,27-14,21-20,8-8,29-23,102.8,99.2,+3.6,L2,6-4,x -- ATL Atlanta Hawks,2015
48,34,.585,25,28-13,20-21,10-6,31-21,105.7,102.5,+3.2,W1,6-4,x -- BOS Boston Celtics,2015
48,34,.585,25,30-11,18-23,8-8,33-19,103.4,100.7,+2.7,W2,7-3,x -- CHA Charlotte Hornets,2015
45,37,.549,28,26-15,19-22,8-8,30-22,102.2,100.5,+1.7,W3,7-3,x -- IND Indiana Pacers,2015
44,38,.537,29,28-13,16-25,11-5,29-23,105.1,104.3,+0.8,W1,7-3,x -- POR Portland Trail Blazers,2015
44,38,.537,29,26-15,18-23,10-6,29-23,102.0,101.4,+0.6,W1,6-4,x -- DET Detroit Pistons,2015
42,40,.512,31,23-18,19-22,7-9,27-25,102.3,102.6,-0.3,L1,7-3,x -- DAL Dallas Mavericks,2015
42,40,.512,31,26-15,16-25,7-9,25-27,99.1,101.3,-2.2,L4,1-9,x -- MEM Memphis Grizzlies,2015
42,40,.512,31,26-15,16-25,10-6,25-27,101.6,103.1,-1.5,W3,6-4,e -- CHI Chicago Bulls,2015
41,41,.500,32,23-18,18-23,8-8,28-24,106.5,106.4,+0.1,W3,6-4,x -- HOU Houston Rockets,2015
41,41,.500,32,22-19,19-22,10-6,30-22,104.1,104.6,-0.5,W3,6-4,e -- WSH Washington Wizards,2015
40,42,.488,33,24-17,16-25,8-8,24-28,97.7,95.9,+1.8,L2,5-5,e -- UTAH Utah Jazz,2015
35,47,.427,38,23-18,12-29,4-12,21-31,102.1,103.7,-1.6,L1,6-4,e -- ORL Orlando Magic,2015
33,49,.402,40,18-23,15-26,8-8,19-33,106.6,109.1,-2.5,L1,5-5,e -- SAC Sacramento Kings,2015
33,49,.402,40,18-23,15-26,4-12,18-34,101.9,105.0,-3.1,L2,3-7,e -- DEN Denver Nuggets,2015
33,49,.402,40,23-18,10-31,4-12,21-31,99.0,103.2,-4.2,L2,3-7,e -- MIL Milwaukee Bucks,2015
32,50,.390,41,18-23,14-27,8-8,21-31,98.4,101.1,-2.7,L2,3-7,e -- NY New York Knicks,2015
30,52,.366,43,21-20,9-32,4-12,20-32,102.7,106.5,-3.8,L3,4-6,e -- NO New Orleans Pelicans,2015
29,53,.354,44,14-27,15-26,4-12,18-34,102.4,106.0,-3.6,W1,5-5,e -- MIN Minnesota Timberwolves,2015
23,59,.280,50,14-27,9-32,6-10,17-35,100.9,107.5,-6.6,W1,3-7,e -- PHX Phoenix Suns,2015
21,61,.256,52,14-27,7-34,6-10,12-40,98.6,106.0,-7.4,L10,0-10,e -- BKN Brooklyn Nets,2015
17,65,.207,56,12-29,5-36,2-14,8-44,97.3,106.9,-9.6,W1,2-8,e -- LAL Los Angeles Lakers,2015
10,72,.122,63,7-34,3-38,2-14,3-49,97.4,107.6,-10.2,L4,1-9,e -- PHI Philadelphia 76ers,2015
67,15,.817,-,36-5,31-10,14-2,42-10,115.9,104.3,+11.6,W1,9-1,z -- GS Golden State Warriors,2016
61,21,.744,6,31-10,30-11,11-5,36-16,105.3,98.1,+7.2,L3,5-5,y -- SA San Antonio Spurs,2016
55,27,.671,12,30-11,25-16,10-6,36-16,115.3,109.6,+5.7,W1,5-5,x -- HOU Houston Rockets,2016
53,29,.646,14,30-11,23-18,11-5,36-16,108.0,105.4,+2.6,W3,7-3,z -- BOS Boston Celtics,2016
51,31,.622,16,31-10,20-21,8-8,35-17,110.3,107.2,+3.1,L4,4-6,y -- CLE Cleveland Cavaliers,2016
51,31,.622,16,29-12,22-19,8-8,31-21,100.7,96.8,+3.9,W2,7-3,y -- UTAH Utah Jazz,2016
51,31,.622,16,28-13,23-18,14-2,34-18,106.9,102.6,+4.3,W4,8-2,x -- TOR Toronto Raptors,2016
51,31,.622,16,29-12,22-19,10-6,31-21,108.7,104.4,+4.3,W7,8-2,x -- LAC LA Clippers,2016
49,33,.598,18,30-11,19-22,8-8,32-20,109.2,107.4,+1.8,L1,5-5,y -- WSH Washington Wizards,2016
47,35,.573,20,28-13,19-22,10-6,29-23,106.6,105.8,+0.8,L1,6-4,x -- OKC Oklahoma City Thunder,2016
43,39,.524,24,23-18,20-21,6-10,30-22,103.2,104.0,-0.8,L1,6-4,x -- ATL Atlanta Hawks,2016
43,39,.524,24,24-17,19-22,8-8,28-24,100.5,100.0,+0.5,L2,3-7,x -- MEM Memphis Grizzlies,2016
42,40,.512,25,23-18,19-22,10-6,27-25,103.6,103.8,-0.2,L1,5-5,x -- MIL Milwaukee Bucks,2016
42,40,.512,25,29-12,13-28,8-8,26-26,105.1,105.3,-0.2,W5,6-4,x -- IND Indiana Pacers,2016
41,41,.500,26,25-16,16-25,9-7,28-24,102.9,102.4,+0.5,W2,7-3,x -- CHI Chicago Bulls,2016
41,41,.500,26,25-16,16-25,11-5,28-24,107.9,108.5,-0.6,L1,7-3,x -- POR Portland Trail Blazers,2016
41,41,.500,26,23-18,18-23,9-7,27-25,103.2,102.1,+1.1,W3,6-4,e -- MIA Miami Heat,2016
40,42,.488,27,22-19,18-23,6-10,24-28,111.7,111.2,+0.5,W2,5-5,e -- DEN Denver Nuggets,2016
37,45,.451,30,24-17,13-28,5-11,21-31,101.3,102.5,-1.2,L2,3-7,e -- DET Detroit Pistons,2016
36,46,.439,31,22-19,14-27,10-6,22-30,104.9,104.7,+0.2,L5,4-6,e -- CHA Charlotte Hornets,2016
34,48,.415,33,21-20,13-28,6-10,20-32,104.3,106.4,-2.1,W1,4-6,e -- NO New Orleans Pelicans,2016
33,49,.402,34,21-20,12-29,5-11,19-33,97.9,100.8,-2.9,W1,2-8,e -- DAL Dallas Mavericks,2016
32,50,.390,35,17-24,15-26,7-9,21-31,102.8,106.7,-3.9,L1,5-5,e -- SAC Sacramento Kings,2016
31,51,.378,36,19-22,12-29,5-11,22-30,104.3,108.0,-3.7,W1,4-6,e -- NY New York Knicks,2016
31,51,.378,36,20-21,11-30,5-11,18-34,105.6,106.7,-1.1,L6,3-7,e -- MIN Minnesota Timberwolves,2016
29,53,.354,38,16-25,13-28,7-9,20-32,101.1,107.6,-6.5,W1,3-7,e -- ORL Orlando Magic,2016
28,54,.341,39,17-24,11-30,7-9,19-33,102.4,108.1,-5.7,L8,1-9,e -- PHI Philadelphia 76ers,2016
26,56,.317,41,17-24,9-32,6-10,16-36,104.6,111.5,-6.9,L1,5-5,e -- LAL Los Angeles Lakers,2016
24,58,.293,43,15-26,9-32,3-13,11-41,107.7,113.3,-5.6,L1,2-8,e -- PHX Phoenix Suns,2016
20,62,.244,47,13-28,7-34,3-13,11-41,105.8,112.5,-6.7,L2,5-5,e -- BKN Brooklyn Nets,2016
65,17,.793,-,34-7,31-10,12-4,41-11,112.4,103.9,+8.5,L1,7-3,* -- HOU Houston Rockets,2017
59,23,.720,6,34-7,25-16,12-4,40-12,111.7,103.9,+7.8,L1,6-4,z -- TOR Toronto Raptors,2017
58,24,.707,7,29-12,29-12,13-3,34-18,113.5,107.5,+6.0,L1,4-6,y -- GS Golden State Warriors,2017
55,27,.671,10,27-14,28-13,12-4,33-19,104.0,100.4,+3.6,W1,6-4,x -- BOS Boston Celtics,2017
52,30,.634,13,30-11,22-19,9-7,34-18,109.8,105.3,+4.5,W16,10-0,x -- PHI Philadelphia 76ers,2017
50,32,.610,15,29-12,21-20,11-5,35-17,110.9,109.9,+1.0,L1,7-3,y -- CLE Cleveland Cavaliers,2017
49,33,.598,16,28-13,21-20,9-7,31-21,105.6,103.0,+2.6,W1,5-5,y -- POR Portland Trail Blazers,2017
48,34,.585,17,27-14,21-20,5-11,28-24,107.9,104.4,+3.5,W3,5-5,x -- OKC Oklahoma City Thunder,2017
48,34,.585,17,27-14,21-20,10-6,32-20,105.6,104.2,+1.4,L1,7-3,x -- IND Indiana Pacers,2017
48,34,.585,17,28-13,20-21,7-9,34-18,104.1,99.8,+4.3,L1,7-3,x -- UTAH Utah Jazz,2017
48,34,.585,17,24-17,24-17,9-7,27-25,111.7,110.4,+1.3,W5,6-4,x -- NO New Orleans Pelicans,2017
47,35,.573,18,33-8,14-27,9-7,29-23,102.7,99.8,+2.9,L1,5-5,x -- SA San Antonio Spurs,2017
47,35,.573,18,30-11,17-24,10-6,34-18,109.5,107.3,+2.2,W3,6-4,x -- MIN Minnesota Timberwolves,2017
46,36,.561,19,31-10,15-26,9-7,28-24,110.0,108.5,+1.5,L1,7-3,e -- DEN Denver Nuggets,2017
44,38,.537,21,26-15,18-23,11-5,31-21,103.4,102.9,+0.5,W1,5-5,y -- MIA Miami Heat,2017
44,38,.537,21,25-16,19-22,6-10,27-25,106.5,106.8,-0.3,L1,6-4,x -- MIL Milwaukee Bucks,2017
43,39,.524,22,23-18,20-21,8-8,28-24,106.6,106.0,+0.6,L1,3-7,x -- WSH Washington Wizards,2017
42,40,.512,23,22-19,20-21,12-4,24-28,109.0,109.0,0.0,L4,4-6,e -- LAC LA Clippers,2017
39,43,.476,26,25-16,14-27,9-7,24-28,103.8,103.9,-0.1,W1,7-3,e -- DET Detroit Pistons,2017
36,46,.439,29,21-20,15-26,11-5,22-30,108.2,108.0,+0.2,W1,5-5,e -- CHA Charlotte Hornets,2017
35,47,.427,30,20-21,15-26,6-10,19-33,108.1,109.6,-1.5,W1,3-7,e -- LAL Los Angeles Lakers,2017
29,53,.354,36,19-22,10-31,6-10,17-35,104.5,108.0,-3.5,W1,3-7,e -- NY New York Knicks,2017
28,54,.341,37,15-26,13-28,1-15,19-33,106.6,110.3,-3.7,L1,5-5,e -- BKN Brooklyn Nets,2017
27,55,.329,38,14-27,13-28,5-11,14-38,98.8,105.8,-7.0,W1,4-6,e -- SAC Sacramento Kings,2017
27,55,.329,38,17-24,10-31,4-12,21-31,102.9,110.0,-7.1,L4,3-7,e -- CHI Chicago Bulls,2017
25,57,.305,40,17-24,8-33,5-11,15-37,103.4,108.2,-4.8,W1,4-6,e -- ORL Orlando Magic,2017
24,58,.293,41,15-26,9-32,5-11,14-38,102.3,105.4,-3.1,L4,2-8,e -- DAL Dallas Mavericks,2017
24,58,.293,41,16-25,8-33,5-11,12-40,103.4,108.8,-5.4,L1,3-7,e -- ATL Atlanta Hawks,2017
22,60,.268,43,16-25,6-35,5-11,18-34,99.3,105.5,-6.2,L2,3-7,e -- MEM Memphis Grizzlies,2017
21,61,.256,44,10-31,11-30,4-12,15-37,103.9,113.3,-9.4,W1,2-8,e -- PHX Phoenix Suns,2017
60,22,.732,-,33-8,27-14,14-2,40-12,118.1,109.3,+8.8,L1,7-3,* -- MIL Milwaukee Bucks,2018
58,24,.707,2,32-9,26-15,12-4,36-16,114.4,108.4,+6.0,W2,7-3,y -- TOR Toronto Raptors,2018
57,25,.695,3,30-11,27-14,13-3,35-17,117.7,111.2,+6.5,L1,8-2,z -- GS Golden State Warriors,2018
54,28,.659,6,34-7,20-21,12-4,34-18,110.7,106.7,+4.0,W1,5-5,y -- DEN Denver Nuggets,2018
53,29,.646,7,31-10,22-19,10-6,32-20,113.9,109.1,+4.8,L1,8-2,y -- HOU Houston Rockets,2018
53,29,.646,7,32-9,21-20,6-10,29-23,114.7,110.5,+4.2,W3,8-2,x -- POR Portland Trail Blazers,2018
51,31,.622,9,31-10,20-21,8-8,31-21,115.2,112.5,+2.7,W1,4-6,x -- PHI Philadelphia 76ers,2018
50,32,.610,10,29-12,21-20,8-8,30-22,111.7,106.5,+5.2,L1,8-2,x -- UTAH Utah Jazz,2018
49,33,.598,11,28-13,21-20,10-6,35-17,112.4,108.0,+4.4,W1,6-4,x -- BOS Boston Celtics,2018
49,33,.598,11,27-14,22-19,9-7,28-24,114.5,111.1,+3.4,W5,7-3,x -- OKC Oklahoma City Thunder,2018
48,34,.585,12,29-12,19-22,11-5,33-19,108.0,104.7,+3.3,W1,4-6,x -- IND Indiana Pacers,2018
48,34,.585,12,32-9,16-25,10-6,30-22,111.7,110.0,+1.7,W3,6-4,x -- SA San Antonio Spurs,2018
48,34,.585,12,26-15,22-19,11-5,28-24,115.1,114.3,+0.8,W1,6-4,x -- LAC LA Clippers,2018
42,40,.512,18,25-16,17-24,10-6,30-22,107.3,106.6,+0.7,W4,8-2,y -- ORL Orlando Magic,2018
42,40,.512,18,23-18,19-22,8-8,29-23,112.2,112.3,-0.1,W3,6-4,x -- BKN Brooklyn Nets,2018
41,41,.500,19,26-15,15-26,8-8,27-25,107.0,107.3,-0.3,W2,4-6,x -- DET Detroit Pistons,2018
39,43,.476,21,24-17,15-26,4-12,21-31,114.2,115.3,-1.1,L3,3-7,e -- SAC Sacramento Kings,2018
39,43,.476,21,25-16,14-27,10-6,29-23,110.7,111.8,-1.1,L1,6-4,e -- CHA Charlotte Hornets,2018
39,43,.476,21,19-22,20-21,7-9,23-29,105.7,105.9,-0.2,L1,4-6,e -- MIA Miami Heat,2018
37,45,.451,23,22-19,15-26,9-7,25-27,111.8,113.5,-1.7,L1,6-4,e -- LAL Los Angeles Lakers,2018
36,46,.439,24,25-16,11-30,5-11,22-30,112.5,114.0,-1.5,L3,4-6,e -- MIN Minnesota Timberwolves,2018
33,49,.402,27,21-20,12-29,8-8,24-28,103.5,106.1,-2.6,W1,4-6,e -- MEM Memphis Grizzlies,2018
33,49,.402,27,19-22,14-27,8-8,23-29,115.4,116.8,-1.4,L1,3-7,e -- NO New Orleans Pelicans,2018
33,49,.402,27,24-17,9-32,4-12,18-34,108.9,110.1,-1.2,L1,5-5,e -- DAL Dallas Mavericks,2018
32,50,.390,28,22-19,10-31,7-9,19-33,114.0,116.9,-2.9,L4,2-8,e -- WSH Washington Wizards,2018
29,53,.354,31,17-24,12-29,6-10,16-36,113.3,119.4,-6.1,L3,5-5,e -- ATL Atlanta Hawks,2018
22,60,.268,38,9-32,13-28,3-13,16-36,104.9,113.4,-8.5,L3,2-8,e -- CHI Chicago Bulls,2018
19,63,.232,41,13-28,6-35,4-12,15-37,104.5,114.1,-9.6,L10,0-10,e -- CLE Cleveland Cavaliers,2018
19,63,.232,41,12-29,7-34,3-13,11-41,107.5,116.8,-9.3,L2,2-8,e -- PHX Phoenix Suns,2018
17,65,.207,43,9-32,8-33,2-14,11-41,104.6,113.8,-9.2,L1,3-7,e -- NY New York Knicks,2018
56,17,.767,-,30-5,26-12,13-1,37-7,118.7,108.6,+10.1,L1,3-7,z -- MIL Milwaukee Bucks,2019
53,19,.736,2.5,26-10,27-9,9-5,34-11,112.8,106.5,+6.3,W4,9-1,y -- TOR Toronto Raptors,2019
52,19,.732,3,25-10,27-9,10-3,36-10,113.4,107.6,+5.8,L1,4-6,z -- LAL Los Angeles Lakers,2019
49,23,.681,6.5,27-9,22-14,8-6,32-16,116.3,109.9,+6.4,W2,6-4,x -- LAC LA Clippers,2019
48,24,.667,7.5,26-10,22-14,9-6,30-13,113.7,107.3,+6.4,L1,6-4,x -- BOS Boston Celtics,2019
46,27,.630,10,26-11,20-16,12-2,29-16,111.3,109.2,+2.1,L3,4-6,y -- DEN Denver Nuggets,2019
45,28,.616,11,25-11,20-17,8-7,28-19,109.4,107.5,+1.9,W2,7-3,x -- IND Indiana Pacers,2019
44,28,.611,11.5,24-12,20-16,8-5,28-19,117.8,114.8,+3.0,L3,5-5,y -- HOU Houston Rockets,2019
44,28,.611,11.5,23-14,21-14,8-5,27-19,110.4,108.4,+2.0,L1,6-4,x -- OKC Oklahoma City Thunder,2019
44,28,.611,11.5,23-12,21-16,5-7,24-21,111.3,108.8,+2.5,W1,4-6,x -- UTAH Utah Jazz,2019
44,29,.603,12,29-7,15-22,10-4,30-13,112.0,109.1,+2.9,L2,4-6,y -- MIA Miami Heat,2019
43,30,.589,13,31-4,12-26,11-5,28-18,110.7,108.4,+2.3,W1,5-5,x -- PHI Philadelphia 76ers,2019
43,32,.573,14,20-18,23-14,10-4,27-20,117.0,112.1,+4.9,L2,4-6,x -- DAL Dallas Mavericks,2019
35,37,.486,20.5,20-16,15-21,6-10,23-23,111.8,112.4,-0.6,L1,7-3,x -- BKN Brooklyn Nets,2019
35,39,.473,21.5,21-15,14-24,5-8,20-27,115.0,116.1,-1.1,W3,7-3,xp -- POR Portland Trail Blazers,2019
34,39,.466,22,20-17,14-22,4-9,20-26,112.6,113.7,-1.1,W1,3-7,pb -- MEM Memphis Grizzlies,2019
34,39,.466,22,17-22,17-17,6-9,19-27,113.6,113.4,+0.2,W8,9-1,e -- PHX Phoenix Suns,2019
33,40,.452,23,18-17,15-23,9-5,20-23,107.3,108.3,-1.0,W1,5-5,x -- ORL Orlando Magic,2019
32,39,.451,23,19-15,13-24,7-6,20-23,114.1,115.2,-1.1,L1,6-4,e -- SA San Antonio Spurs,2019
31,41,.431,24.5,16-19,15-22,8-5,23-23,110.1,112.1,-2.0,W2,4-6,e -- SAC Sacramento Kings,2019
30,42,.417,25.5,15-21,15-21,4-9,18-30,115.8,117.1,-1.3,L3,4-6,e -- NO New Orleans Pelicans,2019
23,42,.354,29,10-21,13-21,2-7,16-24,102.9,109.6,-6.7,W1,4-6,e -- CHA Charlotte Hornets,2019
25,47,.347,30.5,16-20,9-27,5-9,18-27,114.4,119.1,-4.7,W1,2-8,e -- WSH Washington Wizards,2019
22,43,.338,30,14-20,8-23,7-9,15-28,106.8,109.9,-3.1,W1,3-7,e -- CHI Chicago Bulls,2019
21,45,.318,31.5,11-22,10-23,2-11,15-28,105.8,112.3,-6.5,W1,4-6,e -- NY New York Knicks,2019
20,46,.303,32.5,11-22,9-24,5-10,12-31,107.2,110.8,-3.6,L5,1-9,e -- DET Detroit Pistons,2019
20,47,.299,33,14-20,6-27,6-7,11-32,111.8,119.7,-7.9,L1,4-6,e -- ATL Atlanta Hawks,2019
19,45,.297,32.5,8-24,11-21,2-10,9-30,113.3,117.5,-4.2,L3,3-7,e -- MIN Minnesota Timberwolves,2019
19,46,.292,33,11-25,8-21,4-10,12-32,106.9,114.8,-7.9,L1,4-6,e -- CLE Cleveland Cavaliers,2019
15,50,.231,37,8-26,7-24,2-11,9-34,106.3,115.0,-8.7,L1,3-7,e -- GS Golden State Warriors,2019
52,20,.722,-,31-5,21-15,7-5,28-14,116.4,107.2,+9.2,W2,7-3,* -- UTAH Utah Jazz,2020
51,21,.708,1,27-9,24-12,7-5,30-12,115.3,109.5,+5.8,W3,7-3,y -- PHX Phoenix Suns,2020
49,23,.681,3,29-7,20-16,10-2,31-11,113.6,108.1,+5.5,W2,8-2,z -- PHI Philadelphia 76ers,2020
48,24,.667,4,28-8,20-16,8-4,26-16,118.6,114.1,+4.5,W5,6-4,x -- BKN Brooklyn Nets,2020
47,25,.653,5,25-11,22-14,9-3,26-16,115.1,110.1,+5.0,L1,6-4,x -- DEN Denver Nuggets,2020
47,25,.653,5,26-10,21-15,9-3,27-15,114.0,107.8,+6.2,L2,4-6,x -- LAC LA Clippers,2020
46,26,.639,6,26-10,20-16,11-1,30-12,120.1,114.2,+5.9,L1,8-2,y -- MIL Milwaukee Bucks,2020
42,30,.583,10,21-15,21-15,7-5,21-21,112.4,110.2,+2.2,L1,8-2,y -- DAL Dallas Mavericks,2020
42,30,.583,10,21-15,21-15,4-8,25-17,109.5,106.8,+2.7,W5,6-4,xp -- LAL Los Angeles Lakers,2020
42,30,.583,10,20-16,22-14,6-6,23-19,116.1,114.3,+1.8,W1,8-2,x -- POR Portland Trail Blazers,2020
41,31,.569,11,25-11,16-20,9-3,24-18,113.7,111.4,+2.3,W4,7-3,y -- ATL Atlanta Hawks,2020
41,31,.569,11,25-11,16-20,4-8,25-17,107.0,104.7,+2.3,W3,7-3,x -- NY New York Knicks,2020
40,32,.556,12,21-15,19-17,6-6,24-18,108.1,108.0,+0.1,W1,8-2,x -- MIA Miami Heat,2020
39,33,.542,13,25-11,14-22,5-7,25-17,113.7,112.7,+1.0,W6,8-2,pb -- GS Golden State Warriors,2020
38,34,.528,14,18-18,20-16,6-6,19-23,113.3,112.3,+1.0,L1,6-4,xp -- MEM Memphis Grizzlies,2020
36,36,.500,16,21-15,15-21,4-8,20-22,112.6,111.2,+1.4,L1,4-6,xp -- BOS Boston Celtics,2020
34,38,.472,18,19-17,15-21,3-9,16-26,116.6,118.5,-1.9,W2,6-4,xp -- WSH Washington Wizards,2020
34,38,.472,18,13-23,21-15,7-5,20-22,115.3,115.3,0.0,W1,5-5,pb -- IND Indiana Pacers,2020
33,39,.458,19,14-22,19-17,6-6,17-25,111.1,112.8,-1.7,L4,2-8,pb -- SA San Antonio Spurs,2020
33,39,.458,19,18-18,15-21,8-4,20-22,109.5,111.4,-1.9,L5,3-7,pb -- CHA Charlotte Hornets,2020
31,41,.431,21,18-18,13-23,6-6,18-24,114.6,114.9,-0.3,L4,4-6,e -- NO New Orleans Pelicans,2020
31,41,.431,21,15-21,16-20,7-5,21-21,110.7,111.6,-0.9,W1,5-5,e -- CHI Chicago Bulls,2020
31,41,.431,21,16-20,15-21,5-7,18-24,113.7,117.4,-3.7,L3,6-4,e -- SAC Sacramento Kings,2020
27,45,.375,25,16-20,11-25,4-8,17-25,111.3,111.7,-0.4,L7,1-9,e -- TOR Toronto Raptors,2020
23,49,.319,29,13-23,10-26,5-7,15-27,112.1,117.7,-5.6,W1,5-5,e -- MIN Minnesota Timberwolves,2020
22,50,.306,30,13-23,9-27,4-8,16-26,103.8,112.3,-8.5,L2,1-9,e -- CLE Cleveland Cavaliers,2020
22,50,.306,30,10-26,12-24,3-9,12-30,105.0,115.6,-10.6,W1,1-9,e -- OKC Oklahoma City Thunder,2020
21,51,.292,31,11-25,10-26,4-8,13-29,104.0,113.3,-9.3,L7,2-8,e -- ORL Orlando Magic,2020
20,52,.278,32,13-23,7-29,1-11,12-30,106.6,111.1,-4.5,L5,1-9,e -- DET Detroit Pistons,2020
17,55,.236,35,9-27,8-28,5-7,11-31,108.8,116.7,-7.9,L1,2-8,e -- HOU Houston Rockets,2020
64,18,.780,-,32-9,32-9,10-6,39-13,114.8,107.4,+7.4,L1,6-4,* -- PHX Phoenix Suns,2021
56,26,.683,8,30-11,26-15,11-5,36-16,115.6,109.9,+5.7,L1,7-3,y -- MEM Memphis Grizzlies,2021
53,29,.646,11,29-12,24-17,13-3,35-17,110.0,105.6,+4.4,L1,6-4,z -- MIA Miami Heat,2021
53,29,.646,11,31-10,22-19,12-4,33-19,111.0,105.5,+5.5,W5,6-4,x -- GS Golden State Warriors,2021
52,30,.634,12,29-12,23-18,14-2,36-16,108.0,104.7,+3.3,W4,8-2,x -- DAL Dallas Mavericks,2021
51,31,.622,13,28-13,23-18,9-7,33-19,111.8,104.5,+7.3,W1,7-3,y -- BOS Boston Celtics,2021
51,31,.622,13,27-14,24-17,12-4,33-19,115.5,112.1,+3.4,L1,6-4,y -- MIL Milwaukee Bucks,2021
51,31,.622,13,24-17,27-14,6-10,32-20,109.9,107.3,+2.6,W2,6-4,x -- PHI Philadelphia 76ers,2021
49,33,.598,15,29-12,20-21,15-1,33-19,113.6,107.6,+6.0,W1,4-6,y -- UTAH Utah Jazz,2021
48,34,.585,16,24-17,24-17,10-6,30-22,109.4,107.1,+2.3,L1,8-2,x -- TOR Toronto Raptors,2021
48,34,.585,16,23-18,25-16,6-10,29-23,112.7,110.4,+2.3,L1,6-4,x -- DEN Denver Nuggets,2021
46,36,.561,18,26-15,20-21,12-4,32-20,116.0,113.3,+2.7,L1,4-6,xp -- MIN Minnesota Timberwolves,2021
46,36,.561,18,27-14,19-22,10-6,29-23,111.6,112.0,-0.4,W1,4-6,x -- CHI Chicago Bulls,2021
44,38,.537,20,20-21,24-17,10-6,31-21,112.9,112.1,+0.8,W4,6-4,xp -- BKN Brooklyn Nets,2021
44,38,.537,20,25-16,19-22,10-6,27-25,107.8,105.7,+2.1,W1,3-7,pb -- CLE Cleveland Cavaliers,2021
43,39,.524,21,27-14,16-25,9-7,26-26,113.9,112.4,+1.5,W1,7-3,xp -- ATL Atlanta Hawks,2021
43,39,.524,21,22-19,21-20,8-8,27-25,115.3,114.9,+0.4,W3,6-4,pb -- CHA Charlotte Hornets,2021
42,40,.512,22,25-16,17-24,9-7,26-26,108.4,108.4,0.0,W5,6-4,pb -- LAC LA Clippers,2021
37,45,.451,27,17-24,20-21,5-11,22-30,106.5,106.6,-0.1,W2,7-3,e -- NY New York Knicks,2021
36,46,.439,28,19-22,17-24,6-10,25-27,109.3,110.3,-1.0,L2,6-4,xp -- NO New Orleans Pelicans,2021
35,47,.427,29,21-20,14-27,7-9,24-28,108.6,112.0,-3.4,L3,5-5,e -- WSH Washington Wizards,2021
34,48,.415,30,16-25,18-23,6-10,24-28,113.2,113.0,+0.2,L3,6-4,pb -- SA San Antonio Spurs,2021
33,49,.402,31,21-20,12-29,3-13,18-34,112.1,115.1,-3.0,W2,2-8,e -- LAL Los Angeles Lakers,2021
30,52,.366,34,16-25,14-27,6-10,20-32,110.3,115.8,-5.5,W1,5-5,e -- SAC Sacramento Kings,2021
27,55,.329,37,17-24,10-31,1-15,11-41,106.2,115.1,-8.9,L11,0-10,e -- POR Portland Trail Blazers,2021
25,57,.305,39,16-25,9-32,2-14,11-41,111.5,114.9,-3.4,L10,0-10,e -- IND Indiana Pacers,2021
24,58,.293,40,12-29,12-29,6-10,17-35,103.7,111.8,-8.1,L3,4-6,e -- OKC Oklahoma City Thunder,2021
23,59,.280,41,13-28,10-31,6-10,18-34,104.8,112.5,-7.7,L3,4-6,e -- DET Detroit Pistons,2021
22,60,.268,42,12-29,10-31,3-13,12-40,104.2,112.2,-8.0,W1,3-7,e -- ORL Orlando Magic,2021
20,62,.244,44,11-30,9-32,3-13,11-41,109.7,118.2,-8.5,L7,3-7,e -- HOU Houston Rockets,2021
