GP,W,L,OTL,PTS,ROW,SOW,SOL,HOME,AWAY,GF,GA,DIFF,L10,STRK,Team,Year,RW
82,58,16,8,124,58,0,0,27-9-5,31-7-3,305,209,+96,8-1-1,L1,*-z -- DET Detroit Red Wings,2005,
82,52,21,9,113,52,0,0,29-9-3,23-12-6,314,211,+103,3-5-2,W1,y -- OTT Ottawa Senators,2005,
82,53,23,6,112,53,0,0,28-11-2,25-12-4,265,218,+47,4-3-3,L2,y -- DAL Dallas Stars,2005,
82,52,22,8,112,52,0,0,31-8-2,21-14-6,294,260,+34,5-3-2,L2,y -- CAR Carolina Hurricanes,2005,
82,52,24,6,110,52,0,0,27-11-3,25-13-3,281,239,+42,7-3-0,W5,x -- BUF Buffalo Sabres,2005,
82,49,25,8,106,49,0,0,32-8-1,17-17-7,259,227,+32,7-3-0,W6,x -- NSH Nashville Predators,2005,
82,46,25,11,103,46,0,0,30-7-4,16-18-7,218,200,+18,6-1-3,L2,y -- CGY Calgary Flames,2005,
82,46,27,9,101,46,0,0,27-11-3,19-16-6,242,229,+13,10-0-0,W11,x -- NJ New Jersey Devils,2005,
82,45,26,11,101,45,0,0,22-13-6,23-13-5,267,259,+8,5-4-1,W1,x -- PHI Philadelphia Flyers,2005,
82,44,26,12,100,44,0,0,25-10-6,19-16-6,257,215,+42,4-6-0,L5,x -- NYR New York Rangers,2005,
82,44,27,11,99,44,0,0,25-9-7,19-18-4,266,242,+24,8-1-1,L1,x -- SJ San Jose Sharks,2005,
82,43,27,12,98,43,0,0,26-10-5,17-17-7,254,229,+25,6-4-0,W1,x -- ANA Anaheim Mighty Ducks,2005,
82,43,30,9,95,43,0,0,25-10-6,18-20-3,283,257,+26,4-5-1,L3,x -- COL Colorado Avalanche,2005,
82,41,28,13,95,41,0,0,20-15-6,21-13-7,256,251,+5,5-4-1,W2,x -- EDM Edmonton Oilers,2005,
82,42,31,9,93,42,0,0,24-13-4,18-18-5,243,247,-4,6-4-0,L2,x -- MTL Montreal Canadiens,2005,
82,43,33,6,92,43,0,0,25-14-2,18-19-4,252,260,-8,5-4-1,L1,x -- TB Tampa Bay Lightning,2005,
82,42,32,8,92,42,0,0,25-10-6,17-22-2,256,255,+1,4-4-2,W1,e -- VAN Vancouver Canucks,2005,
82,41,33,8,90,41,0,0,26-12-3,15-21-5,257,270,-13,7-1-2,W1,e -- TOR Toronto Maple Leafs,2005,
82,41,33,8,90,41,0,0,24-13-4,17-20-4,281,275,+6,6-2-2,L2,e -- ATL Atlanta Thrashers,2005,
82,42,35,5,89,42,0,0,26-14-1,16-21-4,249,270,-21,4-6-0,W2,e -- LA Los Angeles Kings,2005,
82,37,34,11,85,37,0,0,25-11-5,12-23-6,240,257,-17,4-4-2,W1,e -- FLA Florida Panthers,2005,
82,38,36,8,84,38,0,0,23-16-2,15-20-6,231,215,+16,5-4-1,L2,e -- MIN Minnesota Wild,2005,
82,38,39,5,81,38,0,0,19-18-4,19-21-1,246,271,-25,4-5-1,W1,e -- PHX Phoenix Coyotes,2005,
82,36,40,6,78,36,0,0,20-18-3,16-22-3,230,278,-48,3-6-1,L2,e -- NYI New York Islanders,2005,
82,35,43,4,74,35,0,0,23-18-0,12-25-4,223,279,-56,6-3-1,W1,e -- CBJ Columbus Blue Jackets,2005,
82,29,37,16,74,29,0,0,16-15-10,13-22-6,230,266,-36,1-5-4,L5,e -- BOS Boston Bruins,2005,
82,29,41,12,70,29,0,0,16-18-7,13-23-5,237,306,-69,5-3-2,W3,e -- WSH Washington Capitals,2005,
82,26,43,13,65,26,0,0,16-19-6,10-24-7,211,285,-74,3-5-2,W2,e -- CHI Chicago Blackhawks,2005,
82,22,46,14,58,22,0,0,12-21-8,10-25-6,244,316,-72,4-4-2,L1,e -- PIT Pittsburgh Penguins,2005,
82,21,46,15,57,21,0,0,12-23-6,9-23-9,197,292,-95,1-7-2,L5,e -- STL St. Louis Blues,2005,
82,53,22,7,113,53,0,0,28-10-3,25-12-4,308,242,+66,7-3-0,L1,* -- BUF Buffalo Sabres,2006,
82,50,19,13,113,50,0,0,29-4-8,21-15-5,254,199,+55,5-1-4,W1,z -- DET Detroit Red Wings,2006,
82,51,23,8,110,51,0,0,28-8-5,23-15-3,272,212,+60,5-3-2,W2,x -- NSH Nashville Predators,2006,
82,48,20,14,110,48,0,0,26-6-9,22-14-5,258,208,+50,5-3-2,W1,y -- ANA Anaheim Ducks,2006,
82,51,26,5,107,51,0,0,25-12-4,26-14-1,258,199,+59,7-1-2,L1,x -- SJ San Jose Sharks,2006,
82,50,25,7,107,50,0,0,28-11-2,22-14-5,226,197,+29,7-1-2,W2,x -- DAL Dallas Stars,2006,
82,49,24,9,107,49,0,0,25-10-6,24-14-3,216,201,+15,6-3-1,L1,y -- NJ New Jersey Devils,2006,
82,49,26,7,105,49,0,0,26-11-4,23-15-3,222,201,+21,6-3-1,L1,y -- VAN Vancouver Canucks,2006,
82,48,25,9,105,48,0,0,25-13-3,23-12-6,288,221,+67,6-2-2,W1,x -- OTT Ottawa Senators,2006,
82,47,24,11,105,47,0,0,26-10-5,21-14-6,277,246,+31,6-3-1,W2,x -- PIT Pittsburgh Penguins,2006,
82,48,26,8,104,48,0,0,29-7-5,19-19-3,235,191,+44,7-2-1,W3,x -- MIN Minnesota Wild,2006,
82,43,28,11,97,43,0,0,23-12-6,20-16-5,246,245,+1,6-3-1,W2,y -- ATL Atlanta Thrashers,2006,
82,43,29,10,96,43,0,0,30-9-2,13-20-8,258,226,+32,6-4-0,L4,x -- CGY Calgary Flames,2006,
82,44,31,7,95,44,0,0,22-16-3,22-15-4,272,251,+21,7-2-1,W1,e -- COL Colorado Avalanche,2006,
82,42,30,10,94,42,0,0,21-15-5,21-15-5,242,216,+26,7-2-1,L1,x -- NYR New York Rangers,2006,
82,44,33,5,93,44,0,0,22-18-1,22-15-4,253,261,-8,5-4-1,L2,x -- TB Tampa Bay Lightning,2006,
82,40,30,12,92,40,0,0,22-13-6,18-17-6,247,240,+7,6-3-1,W4,x -- NYI New York Islanders,2006,
82,40,31,11,91,40,0,0,21-15-5,19-16-6,258,269,-11,6-3-1,W1,e -- TOR Toronto Maple Leafs,2006,
82,42,34,6,90,42,0,0,26-12-3,16-22-3,245,256,-11,7-3-0,L2,e -- MTL Montreal Canadiens,2006,
82,40,34,8,88,40,0,0,21-16-4,19-18-4,241,253,-12,5-5-0,W1,e -- CAR Carolina Hurricanes,2006,
82,35,31,16,86,35,0,0,23-12-6,12-19-10,247,257,-10,5-2-3,L1,e -- FLA Florida Panthers,2006,
82,34,35,13,81,34,0,0,18-19-4,16-16-9,214,254,-40,4-5-1,L2,e -- STL St. Louis Blues,2006,
82,35,41,6,76,35,0,0,18-19-4,17-22-2,219,289,-70,1-8-1,L6,e -- BOS Boston Bruins,2006,
82,33,42,7,73,33,0,0,18-19-4,15-23-3,201,249,-48,5-5-0,L1,e -- CBJ Columbus Blue Jackets,2006,
82,32,43,7,71,32,0,0,19-19-3,13-24-4,195,248,-53,2-8-0,W1,e -- EDM Edmonton Oilers,2006,
82,31,42,9,71,31,0,0,17-20-4,14-22-5,201,258,-57,4-6-0,L2,e -- CHI Chicago Blackhawks,2006,
82,28,40,14,70,28,0,0,17-17-7,11-23-7,235,286,-51,3-6-1,L1,e -- WSH Washington Capitals,2006,
82,27,41,14,68,27,0,0,16-16-9,11-25-5,227,283,-56,3-7-0,W1,e -- LA Los Angeles Kings,2006,
82,31,46,5,67,31,0,0,18-20-3,13-26-2,216,284,-68,3-6-1,W1,e -- PHX Phoenix Coyotes,2006,
82,22,48,12,56,22,0,0,10-24-7,12-24-5,214,303,-89,2-7-1,W1,e -- PHI Philadelphia Flyers,2006,
82,54,21,7,115,54,0,0,29-9-3,25-12-4,257,184,+73,7-2-1,W2,* -- DET Detroit Red Wings,2007,
82,49,23,10,108,49,0,0,22-13-6,27-10-4,222,193,+29,7-2-1,L2,y -- SJ San Jose Sharks,2007,
82,47,25,10,104,47,0,0,22-13-6,25-12-4,262,222,+40,8-1-1,W3,z -- MTL Montreal Canadiens,2007,
82,47,27,8,102,47,0,0,26-10-5,21-17-3,247,216,+31,6-3-1,L1,y -- PIT Pittsburgh Penguins,2007,
82,47,27,8,102,47,0,0,28-9-4,19-18-4,205,191,+14,8-2-0,W3,x -- ANA Anaheim Ducks,2007,
82,46,29,7,99,46,0,0,25-14-2,21-15-5,206,197,+9,4-5-1,W1,x -- NJ New Jersey Devils,2007,
82,44,28,10,98,44,0,0,25-11-5,19-17-5,223,218,+5,6-2-2,L1,y -- MIN Minnesota Wild,2007,
82,45,30,7,97,45,0,0,23-16-2,22-14-5,242,207,+35,3-5-2,W1,x -- DAL Dallas Stars,2007,
82,42,27,13,97,42,0,0,25-13-3,17-14-10,213,199,+14,5-1-4,L2,x -- NYR New York Rangers,2007,
82,44,31,7,95,44,0,0,27-12-2,17-19-5,231,219,+12,5-4-1,W2,x -- COL Colorado Avalanche,2007,
82,42,29,11,95,42,0,0,21-14-6,21-15-5,248,233,+15,7-2-1,W2,x -- PHI Philadelphia Flyers,2007,
82,43,31,8,94,43,0,0,22-15-4,21-16-4,261,247,+14,3-6-1,L1,x -- OTT Ottawa Senators,2007,
82,43,31,8,94,43,0,0,23-15-3,20-16-5,242,231,+11,9-1-0,W7,y -- WSH Washington Capitals,2007,
82,42,30,10,94,42,0,0,21-11-9,21-19-1,229,227,+2,5-5-0,W1,x -- CGY Calgary Flames,2007,
82,41,29,12,94,41,0,0,21-16-4,20-13-8,212,222,-10,4-2-4,L1,x -- BOS Boston Bruins,2007,
82,43,33,6,92,43,0,0,24-13-4,19-20-2,252,249,+3,5-4-1,L1,e -- CAR Carolina Hurricanes,2007,
82,41,32,9,91,41,0,0,23-14-4,18-18-5,230,229,+1,6-3-1,L1,x -- NSH Nashville Predators,2007,
82,39,31,12,90,39,0,0,20-15-6,19-16-6,255,242,+13,6-3-1,W1,e -- BUF Buffalo Sabres,2007,
82,41,35,6,88,41,0,0,23-17-1,18-18-5,235,251,-16,6-3-1,W1,e -- EDM Edmonton Oilers,2007,
82,40,34,8,88,40,0,0,23-16-2,17-18-6,239,235,+4,6-3-1,L1,e -- CHI Chicago Blackhawks,2007,
82,39,33,10,88,39,0,0,21-15-5,18-18-5,213,215,-2,3-7-0,L3,e -- VAN Vancouver Canucks,2007,
82,38,35,9,85,38,0,0,18-15-8,20-20-1,216,226,-10,5-4-1,L1,e -- FLA Florida Panthers,2007,
82,38,37,7,83,38,0,0,17-20-4,21-17-3,214,231,-17,2-6-2,L1,e -- PHX Phoenix Coyotes,2007,
82,36,35,11,83,36,0,0,18-17-6,18-18-5,231,260,-29,4-5-1,L3,e -- TOR Toronto Maple Leafs,2007,
82,34,36,12,80,34,0,0,20-14-7,14-22-5,193,218,-25,2-7-1,L5,e -- CBJ Columbus Blue Jackets,2007,
82,35,38,9,79,35,0,0,18-18-5,17-20-4,194,243,-49,3-5-2,W1,e -- NYI New York Islanders,2007,
82,33,36,13,79,33,0,0,20-15-6,13-21-7,205,237,-32,4-4-2,W2,e -- STL St. Louis Blues,2007,
82,34,40,8,76,34,0,0,19-19-3,15-21-5,216,272,-56,3-7-0,W1,e -- ATL Atlanta Thrashers,2007,
82,32,43,7,71,32,0,0,17-21-3,15-22-4,231,266,-35,4-5-1,L1,e -- LA Los Angeles Kings,2007,
82,31,42,9,71,31,0,0,20-18-3,11-24-6,223,267,-44,2-7-1,L4,e -- TB Tampa Bay Lightning,2007,
82,53,18,11,117,53,0,0,32-5-4,21-13-7,257,204,+53,5-4-1,L2,* -- SJ San Jose Sharks,2008,
82,53,19,10,116,53,0,0,29-6-6,24-13-4,274,196,+78,8-2-0,W1,z -- BOS Boston Bruins,2008,
82,51,21,10,112,51,0,0,27-9-5,24-12-5,295,244,+51,3-6-1,L3,y -- DET Detroit Red Wings,2008,
82,50,24,8,108,50,0,0,29-9-3,21-15-5,272,245,+27,6-2-2,L1,y -- WSH Washington Capitals,2008,
82,51,27,4,106,51,0,0,28-12-1,23-15-3,244,209,+35,4-5-1,W2,y -- NJ New Jersey Devils,2008,
82,46,24,12,104,46,0,0,24-9-8,22-15-4,264,216,+48,7-2-1,W2,x -- CHI Chicago Blackhawks,2008,
82,45,27,10,100,45,0,0,24-12-5,21-15-5,246,220,+26,6-3-1,W3,y -- VAN Vancouver Canucks,2008,
82,45,28,9,99,45,0,0,25-13-3,20-15-6,264,239,+25,7-2-1,W3,x -- PIT Pittsburgh Penguins,2008,
82,44,27,11,99,44,0,0,24-13-4,20-14-7,264,238,+26,4-5-1,L1,x -- PHI Philadelphia Flyers,2008,
82,46,30,6,98,46,0,0,27-10-4,19-20-2,254,248,+6,4-6-0,W1,x -- CGY Calgary Flames,2008,
82,45,30,7,97,45,0,0,26-14-1,19-16-6,239,226,+13,8-2-0,L2,x -- CAR Carolina Hurricanes,2008,
82,43,30,9,95,43,0,0,26-11-4,17-19-5,210,218,-8,5-4-1,W3,x -- NYR New York Rangers,2008,
82,41,30,11,93,41,0,0,22-12-7,19-18-4,234,231,+3,6-3-1,W2,e -- FLA Florida Panthers,2008,
82,41,30,11,93,41,0,0,24-10-7,17-20-4,249,247,+2,5-3-2,L4,x -- MTL Montreal Canadiens,2008,
82,41,31,10,92,41,0,0,23-13-5,18-18-5,233,233,0,8-1-1,W3,x -- STL St. Louis Blues,2008,
82,41,31,10,92,41,0,0,25-13-3,16-18-7,226,230,-4,3-3-4,L2,x -- CBJ Columbus Blue Jackets,2008,
82,42,33,7,91,42,0,0,20-18-3,22-15-4,245,238,+7,7-2-1,L1,x -- ANA Anaheim Ducks,2008,
82,41,32,9,91,41,0,0,23-15-3,18-17-6,250,234,+16,7-2-1,W3,e -- BUF Buffalo Sabres,2008,
82,40,33,9,89,40,0,0,23-11-7,17-22-2,219,200,+19,6-3-1,W3,e -- MIN Minnesota Wild,2008,
82,40,34,8,88,40,0,0,24-13-4,16-21-4,213,233,-20,5-4-1,L1,e -- NSH Nashville Predators,2008,
82,38,35,9,85,38,0,0,18-17-6,20-18-3,234,248,-14,3-7-0,L1,e -- EDM Edmonton Oilers,2008,
82,36,35,11,83,36,0,0,22-12-7,14-23-4,217,237,-20,4-5-1,L2,e -- OTT Ottawa Senators,2008,
82,36,35,11,83,36,0,0,20-16-5,16-19-6,230,257,-27,3-4-3,L1,e -- DAL Dallas Stars,2008,
82,34,35,13,81,34,0,0,16-16-9,18-19-4,250,293,-43,5-5-0,W1,e -- TOR Toronto Maple Leafs,2008,
82,36,39,7,79,36,0,0,23-15-3,13-24-4,208,252,-44,6-4-0,W2,e -- PHX Phoenix Coyotes,2008,
82,34,37,11,79,34,0,0,18-15-8,16-22-3,207,234,-27,4-5-1,W1,e -- LA Los Angeles Kings,2008,
82,35,41,6,76,35,0,0,18-21-2,17-20-4,257,280,-23,6-4-0,W1,e -- ATL Atlanta Thrashers,2008,
82,32,45,5,69,32,0,0,18-21-2,14-24-3,199,257,-58,1-6-3,L4,e -- COL Colorado Avalanche,2008,
82,24,40,18,66,24,0,0,12-18-11,12-22-7,210,279,-69,1-7-2,L9,e -- TB Tampa Bay Lightning,2008,
82,26,47,9,61,26,0,0,17-18-6,9-29-3,201,279,-78,2-7-1,L4,e -- NYI New York Islanders,2008,
82,54,15,13,121,54,0,0,30-5-6,24-10-7,318,233,+85,6-1-3,L1,* -- WSH Washington Capitals,2009,
82,51,20,11,113,51,0,0,27-6-8,24-14-3,264,215,+49,8-1-1,W3,z -- SJ San Jose Sharks,2009,
82,52,22,8,112,52,0,0,29-8-4,23-14-4,271,209,+62,6-3-1,L1,y -- CHI Chicago Blackhawks,2009,
82,50,25,7,107,50,0,0,29-10-2,21-15-5,225,202,+23,5-3-2,L1,x -- PHX Phoenix Coyotes,2009,
82,49,28,5,103,49,0,0,30-8-3,19-20-2,272,222,+50,5-4-1,W1,y -- VAN Vancouver Canucks,2009,
82,48,27,7,103,48,0,0,27-10-4,21-17-3,222,191,+31,5-2-3,W2,y -- NJ New Jersey Devils,2009,
82,44,24,14,102,44,0,0,25-10-6,19-14-8,229,216,+13,8-1-1,W3,x -- DET Detroit Red Wings,2009,
82,47,28,7,101,47,0,0,25-12-4,22-16-3,257,237,+20,5-4-1,W1,x -- PIT Pittsburgh Penguins,2009,
82,46,27,9,101,46,0,0,22-13-6,24-14-3,241,219,+22,4-3-3,W1,x -- LA Los Angeles Kings,2009,
82,47,29,6,100,47,0,0,24-14-3,23-15-3,225,225,0,6-3-1,W1,x -- NSH Nashville Predators,2009,
82,45,27,10,100,45,0,0,25-10-6,20-17-4,235,207,+28,5-5-0,L1,y -- BUF Buffalo Sabres,2009,
82,43,30,9,95,43,0,0,24-14-3,19-16-6,244,233,+11,3-5-2,L3,x -- COL Colorado Avalanche,2009,
82,44,32,6,94,44,0,0,26-11-4,18-21-2,225,238,-13,7-2-1,L2,x -- OTT Ottawa Senators,2009,
82,39,30,13,91,39,0,0,18-17-6,21-13-7,206,200,+6,6-3-1,W3,x -- BOS Boston Bruins,2009,
82,40,32,10,90,40,0,0,20-17-4,20-15-6,204,210,-6,4-5-1,L4,e -- CGY Calgary Flames,2009,
82,40,32,10,90,40,0,0,18-18-5,22-14-5,225,223,+2,6-3-1,L1,e -- STL St. Louis Blues,2009,
82,39,32,11,89,39,0,0,25-11-5,14-21-6,238,251,-13,5-2-3,W1,e -- ANA Anaheim Ducks,2009,
82,41,35,6,88,41,0,0,24-14-3,17-21-3,236,225,+11,4-5-1,W1,x -- PHI Philadelphia Flyers,2009,
82,39,33,10,88,39,0,0,20-16-5,19-17-5,217,223,-6,3-4-3,L3,x -- MTL Montreal Canadiens,2009,
82,37,31,14,88,37,0,0,23-11-7,14-20-7,237,254,-17,6-4-0,W2,e -- DAL Dallas Stars,2009,
82,38,33,11,87,38,0,0,18-17-6,20-16-5,222,218,+4,7-1-2,L1,e -- NYR New York Rangers,2009,
82,38,36,8,84,38,0,0,25-12-4,13-24-4,219,246,-27,3-5-2,L1,e -- MIN Minnesota Wild,2009,
82,35,34,13,83,35,0,0,19-16-6,16-18-7,234,256,-22,3-5-2,W1,e -- ATL Atlanta Thrashers,2009,
82,35,37,10,80,35,0,0,21-17-3,14-20-7,230,256,-26,5-3-2,L1,e -- CAR Carolina Hurricanes,2009,
82,34,36,12,80,34,0,0,21-14-6,13-22-6,217,260,-43,6-4-0,W3,e -- TB Tampa Bay Lightning,2009,
82,34,37,11,79,34,0,0,23-14-4,11-23-7,222,264,-42,5-4-1,L3,e -- NYI New York Islanders,2009,
82,32,35,15,79,32,0,0,20-12-9,12-23-6,216,259,-43,3-4-3,L5,e -- CBJ Columbus Blue Jackets,2009,
82,32,37,13,77,32,0,0,16-16-9,16-21-4,208,244,-36,2-6-2,L2,e -- FLA Florida Panthers,2009,
82,30,38,14,74,30,0,0,18-17-6,12-21-8,214,267,-53,4-4-2,W1,e -- TOR Toronto Maple Leafs,2009,
82,27,47,8,62,27,0,0,18-19-4,9-28-4,214,284,-70,4-5-1,L1,e -- EDM Edmonton Oilers,2009,
82,54,19,9,117,50,4,5,24-7-5,22-9-4,262,185,+77,7-3-0,W2,* -- VAN Vancouver Canucks,2010,
82,48,23,11,107,43,5,6,22-8-7,18-12-3,224,197,+27,7-2-1,L1,z -- WSH Washington Capitals,2010,
82,49,25,8,106,39,10,3,22-12-2,18-10-6,238,199,+39,8-2-0,W4,x -- PIT Pittsburgh Penguins,2010,
82,47,23,12,106,44,3,7,21-10-4,21-9-3,259,223,+36,3-4-3,W1,y -- PHI Philadelphia Flyers,2010,
82,48,25,9,105,43,5,5,18-11-5,21-12-3,248,213,+35,7-2-1,W1,y -- SJ San Jose Sharks,2010,
82,47,25,10,104,43,4,4,18-11-4,23-9-4,261,241,+20,4-4-2,W1,y -- DET Detroit Red Wings,2010,
82,46,25,11,103,44,2,6,16-12-5,22-9-4,246,195,+51,6-3-1,L1,y -- BOS Boston Bruins,2010,
82,46,25,11,103,40,6,6,22-9-5,17-13-4,247,240,+7,7-3-0,W2,x -- TB Tampa Bay Lightning,2010,
82,47,30,5,99,43,4,2,21-12-2,16-15-3,239,235,+4,7-3-0,W3,x -- ANA Anaheim Ducks,2010,
82,44,27,11,99,38,6,4,17-7-7,18-17-3,219,194,+25,7-2-1,L1,x -- NSH Nashville Predators,2010,
82,43,26,13,99,38,5,6,17-11-6,19-12-5,231,226,+5,5-3-2,L1,x -- PHX Phoenix Coyotes,2010,
82,46,30,6,98,36,10,2,20-11-2,19-14-3,219,198,+21,6-4-0,L2,x -- LA Los Angeles Kings,2010,
82,44,29,9,97,38,6,5,22-14-0,16-10-8,258,225,+33,5-4-1,L1,x -- CHI Chicago Blackhawks,2010,
82,44,30,8,96,41,3,3,21-8-6,17-16-1,216,209,+7,5-4-1,W1,x -- MTL Montreal Canadiens,2010,
82,43,29,10,96,38,5,1,15-15-3,19-12-5,245,229,+16,8-1-1,W4,x -- BUF Buffalo Sabres,2010,
82,42,29,11,95,37,5,7,19-10-6,18-14-2,227,233,-6,4-4-2,L1,e -- DAL Dallas Stars,2010,
82,41,29,12,94,32,9,7,21-11-4,15-15-5,250,237,+13,5-2-3,L1,e -- CGY Calgary Flames,2010,
82,44,33,5,93,35,9,3,15-16-3,21-14-1,233,198,+35,6-3-1,W1,x -- NYR New York Rangers,2010,
82,40,31,11,91,35,5,5,18-11-4,13-17-6,236,239,-3,7-2-1,L1,e -- CAR Carolina Hurricanes,2010,
82,38,33,11,87,34,4,6,20-12-4,11-17-5,240,234,+6,6-2-2,W1,e -- STL St. Louis Blues,2010,
82,39,35,8,86,36,3,5,17-13-4,18-15-3,206,233,-27,4-6-0,W2,e -- MIN Minnesota Wild,2010,
82,37,34,11,85,32,5,6,16-14-7,14-16-3,218,251,-33,6-3-1,L3,e -- TOR Toronto Maple Leafs,2010,
82,38,39,5,81,35,3,2,18-14-3,15-18-1,174,209,-35,4-5-1,W1,e -- NJ New Jersey Devils,2010,
82,34,35,13,81,29,5,8,16-14-3,16-13-6,215,258,-43,1-6-3,L6,e -- CBJ Columbus Blue Jackets,2010,
82,34,36,12,80,29,5,7,15-14-7,14-15-5,223,269,-46,4-6-0,L2,e -- ATL Atlanta Thrashers,2010,
82,32,40,10,74,30,2,5,11-18-5,14-17-4,192,250,-58,5-4-1,L1,e -- OTT Ottawa Senators,2010,
82,30,39,13,73,26,4,6,16-15-5,11-17-6,229,264,-35,3-6-1,L4,e -- NYI New York Islanders,2010,
82,30,40,12,72,26,4,7,14-14-7,14-18-2,195,229,-34,1-7-2,W1,e -- FLA Florida Panthers,2010,
82,30,44,8,68,24,6,1,14-17-4,12-17-4,227,288,-61,2-8-0,W1,e -- COL Colorado Avalanche,2010,
82,25,45,12,62,23,2,9,12-19-4,11-19-5,193,269,-76,2-6-2,L3,e -- EDM Edmonton Oilers,2010,
82,51,22,9,111,43,8,7,,,249,198,+51,8-1-1,W1,* -- VAN Vancouver Canucks,2011,
82,51,24,7,109,47,4,5,,,226,187,+39,6-4-0,L2,z -- NYR New York Rangers,2011,
82,49,22,11,109,45,4,10,,,210,165,+45,4-3-3,W1,y -- STL St. Louis Blues,2011,
82,51,25,6,108,42,9,3,,,282,221,+61,6-4-0,W3,x -- PIT Pittsburgh Penguins,2011,
82,48,26,8,104,43,5,5,,,237,210,+27,6-4-0,W3,x -- NSH Nashville Predators,2011,
82,47,26,9,103,43,4,7,,,264,232,+32,5-4-1,L1,x -- PHI Philadelphia Flyers,2011,
82,49,29,4,102,40,9,3,,,269,202,+67,7-2-1,W2,y -- BOS Boston Bruins,2011,
82,48,28,6,102,39,9,3,,,248,203,+45,4-4-2,L2,x -- DET Detroit Red Wings,2011,
82,48,28,6,102,36,12,4,,,228,209,+19,7-2-1,W6,x -- NJ New Jersey Devils,2011,
82,45,26,11,101,38,7,7,,,248,238,+10,6-1-3,W1,x -- CHI Chicago Blackhawks,2011,
82,42,27,13,97,36,6,10,,,216,204,+12,7-1-2,W5,y -- PHX Phoenix Coyotes,2011,
82,43,29,10,96,34,9,5,,,228,210,+18,7-3-0,W4,x -- SJ San Jose Sharks,2011,
82,40,27,15,95,34,6,9,,,194,179,+15,5-2-3,L2,x -- LA Los Angeles Kings,2011,
82,38,26,18,94,32,6,11,,,203,227,-24,2-3-5,W1,y -- FLA Florida Panthers,2011,
82,42,32,8,92,38,4,4,,,222,230,-8,6-2-2,W2,x -- WSH Washington Capitals,2011,
82,41,31,10,92,35,6,4,,,249,240,+9,4-6-0,L3,x -- OTT Ottawa Senators,2011,
82,37,29,16,90,34,3,9,,,202,226,-24,3-3-4,W2,e -- CGY Calgary Flames,2011,
82,42,35,5,89,35,7,4,,,211,222,-11,3-7-0,L5,e -- DAL Dallas Stars,2011,
82,39,32,11,89,32,7,7,,,218,230,-12,6-3-1,L2,e -- BUF Buffalo Sabres,2011,
82,41,35,6,88,32,9,2,,,208,220,-12,3-5-2,L2,e -- COL Colorado Avalanche,2011,
82,38,36,8,84,35,3,3,,,235,281,-46,6-3-1,W1,e -- TB Tampa Bay Lightning,2011,
82,37,35,10,84,33,4,4,,,225,246,-21,3-5-2,L2,e -- WPG Winnipeg Jets,2011,
82,33,33,16,82,32,1,6,,,213,243,-30,5-4-1,L1,e -- CAR Carolina Hurricanes,2011,
82,35,36,11,81,24,11,9,,,177,226,-49,5-4-1,L1,e -- MIN Minnesota Wild,2011,
82,35,37,10,80,31,4,5,,,231,264,-33,3-5-2,L1,e -- TOR Toronto Maple Leafs,2011,
82,34,36,12,80,31,3,7,,,204,231,-27,4-5-1,L1,e -- ANA Anaheim Ducks,2011,
82,34,37,11,79,27,7,4,,,203,255,-52,5-5-0,L1,e -- NYI New York Islanders,2011,
82,31,35,16,78,26,5,12,,,212,226,-14,3-3-4,W1,e -- MTL Montreal Canadiens,2011,
82,32,40,10,74,27,5,7,,,212,239,-27,4-4-2,L3,e -- EDM Edmonton Oilers,2011,
82,29,46,7,65,25,4,5,,,202,262,-60,6-4-0,W2,e -- CBJ Columbus Blue Jackets,2011,
48,36,7,5,77,30,6,5,,,155,102,+53,7-2-1,L1,* -- CHI Chicago Blackhawks,2012,
48,36,12,0,72,33,3,0,,,165,119,+46,8-2-0,W1,z -- PIT Pittsburgh Penguins,2012,
48,30,12,6,66,24,6,3,,,140,118,+22,5-4-1,L1,y -- ANA Anaheim Ducks,2012,
48,29,14,5,63,26,3,2,,,149,126,+23,4-6-0,W2,y -- MTL Montreal Canadiens,2012,
48,28,14,6,62,24,4,3,,,131,109,+22,3-5-2,L2,x -- BOS Boston Bruins,2012,
48,29,17,2,60,24,5,1,,,129,115,+14,7-3-0,W3,x -- STL St. Louis Blues,2012,
48,27,16,5,59,25,2,4,,,133,118,+15,5-3-2,W1,x -- LA Los Angeles Kings,2012,
48,26,15,7,59,21,5,6,,,127,121,+6,5-4-1,L2,y -- VAN Vancouver Canucks,2012,
48,27,18,3,57,24,3,0,,,149,130,+19,8-1-1,W1,y -- WSH Washington Capitals,2012,
48,26,17,5,57,26,0,5,,,145,133,+12,5-4-1,L1,x -- TOR Toronto Maple Leafs,2012,
48,25,16,7,57,17,8,4,,,124,116,+8,5-5-0,L2,x -- SJ San Jose Sharks,2012,
48,26,18,4,56,22,4,4,,,130,112,+18,7-3-0,W2,x -- NYR New York Rangers,2012,
48,25,17,6,56,21,4,4,,,116,104,+12,6-4-0,W1,x -- OTT Ottawa Senators,2012,
48,24,16,8,56,22,2,5,,,124,115,+9,5-2-3,W4,x -- DET Detroit Red Wings,2012,
48,26,19,3,55,22,4,2,,,122,127,-5,4-5-1,W1,x -- MIN Minnesota Wild,2012,
48,24,17,7,55,20,4,3,,,139,139,0,6-1-3,L3,x -- NYI New York Islanders,2012,
48,24,17,7,55,19,5,4,,,120,119,+1,8-2-0,W3,e -- CBJ Columbus Blue Jackets,2012,
48,24,21,3,51,22,2,3,,,128,144,-16,6-3-1,L2,e -- WPG Winnipeg Jets,2012,
48,21,18,9,51,17,4,6,,,125,131,-6,4-3-3,W1,e -- PHX Phoenix Coyotes,2012,
48,23,22,3,49,22,1,2,,,133,141,-8,6-4-0,W4,e -- PHI Philadelphia Flyers,2012,
48,22,22,4,48,20,2,1,,,130,142,-12,4-5-1,L5,e -- DAL Dallas Stars,2012,
48,21,21,6,48,14,7,4,,,125,143,-18,6-4-0,W2,e -- BUF Buffalo Sabres,2012,
48,19,19,10,48,17,2,7,,,112,129,-17,4-5-1,L1,e -- NJ New Jersey Devils,2012,
48,19,22,7,45,17,2,3,,,125,134,-9,3-7-0,W2,e -- EDM Edmonton Oilers,2012,
48,19,25,4,42,18,1,1,,,128,160,-32,3-5-2,L2,e -- CAR Carolina Hurricanes,2012,
48,19,25,4,42,19,0,3,,,128,160,-32,5-5-0,L3,e -- CGY Calgary Flames,2012,
48,16,23,9,41,14,2,6,,,111,139,-28,1-8-1,L2,e -- NSH Nashville Predators,2012,
48,18,26,4,40,17,1,3,,,148,150,-2,2-6-2,L2,e -- TB Tampa Bay Lightning,2012,
48,16,25,7,39,14,2,2,,,116,152,-36,4-4-2,L1,e -- COL Colorado Avalanche,2012,
48,15,27,6,36,12,3,1,,,112,171,-59,3-7-0,W1,e -- FLA Florida Panthers,2012,
82,54,19,9,117,51,3,6,,,261,177,+84,5-2-3,L1,* -- BOS Boston Bruins,2013,
82,54,20,8,116,51,3,6,,,266,209,+57,7-2-1,W4,z -- ANA Anaheim Ducks,2013,
82,52,22,8,112,47,5,4,,,250,220,+30,7-1-2,L2,y -- COL Colorado Avalanche,2013,
82,52,23,7,111,43,9,3,,,248,191,+57,3-7-0,L6,x -- STL St. Louis Blues,2013,
82,51,22,9,111,41,10,7,,,249,200,+49,5-4-1,W2,x -- SJ San Jose Sharks,2013,
82,51,24,7,109,44,7,3,,,249,207,+42,5-3-2,L2,y -- PIT Pittsburgh Penguins,2013,
82,46,21,15,107,40,6,8,,,267,220,+47,5-5-0,L2,x -- CHI Chicago Blackhawks,2013,
82,46,27,9,101,38,8,6,,,240,215,+25,7-3-0,W4,x -- TB Tampa Bay Lightning,2013,
82,46,28,8,100,40,6,3,,,215,204,+11,7-2-1,W1,x -- MTL Montreal Canadiens,2013,
82,46,28,8,100,38,8,6,,,206,174,+32,5-3-2,L1,x -- LA Los Angeles Kings,2013,
82,43,27,12,98,35,8,8,,,207,206,+1,6-3-1,L1,x -- MIN Minnesota Wild,2013,
82,45,31,6,96,41,4,3,,,218,193,+25,6-2-2,L1,x -- NYR New York Rangers,2013,
82,42,30,10,94,39,3,8,,,236,235,+1,4-3-3,L1,x -- PHI Philadelphia Flyers,2013,
82,43,32,7,93,38,5,2,,,231,216,+15,6-3-1,W1,x -- CBJ Columbus Blue Jackets,2013,
82,39,28,15,93,34,5,9,,,222,230,-8,6-3-1,W1,x -- DET Detroit Red Wings,2013,
82,40,31,11,91,36,4,5,,,235,228,+7,6-4-0,L1,x -- DAL Dallas Stars,2013,
82,38,30,14,90,28,10,11,,,235,240,-5,4-3-3,L1,e -- WSH Washington Capitals,2013,
82,37,30,15,89,31,6,7,,,216,231,-15,3-4-3,W1,e -- PHX Phoenix Coyotes,2013,
82,38,32,12,88,36,2,9,,,216,242,-26,7-1-2,W3,e -- NSH Nashville Predators,2013,
82,35,29,18,88,35,0,13,,,197,208,-11,4-1-5,W1,e -- NJ New Jersey Devils,2013,
82,37,31,14,88,30,7,7,,,236,265,-29,8-2-0,W5,e -- OTT Ottawa Senators,2013,
82,37,35,10,84,29,8,6,,,227,237,-10,5-4-1,W2,e -- WPG Winnipeg Jets,2013,
82,38,36,8,84,29,9,4,,,231,256,-25,2-8-0,L4,e -- TOR Toronto Maple Leafs,2013,
82,36,35,11,83,34,2,4,,,207,230,-23,5-3-2,W2,e -- CAR Carolina Hurricanes,2013,
82,36,35,11,83,31,5,7,,,196,223,-27,4-5-1,W1,e -- VAN Vancouver Canucks,2013,
82,34,37,11,79,25,9,6,,,225,267,-42,6-2-2,W3,e -- NYI New York Islanders,2013,
82,35,40,7,77,28,7,3,,,209,241,-32,5-5-0,L2,e -- CGY Calgary Flames,2013,
82,29,44,9,67,25,4,3,,,203,270,-67,4-6-0,W1,e -- EDM Edmonton Oilers,2013,
82,29,45,8,66,21,8,6,,,196,268,-72,3-7-0,L1,e -- FLA Florida Panthers,2013,
82,21,51,10,52,14,7,5,,,157,248,-91,1-7-2,L7,e -- BUF Buffalo Sabres,2013,
82,53,29,7,113,49,4,5,,,252,192,+60,7-3-0,W1,* -- NYR New York Rangers,2014,
82,50,32,10,110,43,7,5,,,221,189,+32,5-2-3,W3,y -- MTL Montreal Canadiens,2014,
82,51,31,7,109,43,8,5,,,236,226,+10,6-4-0,W1,z -- ANA Anaheim Ducks,2014,
82,51,31,7,109,42,9,4,,,248,201,+47,6-3-1,W2,y -- STL St. Louis Blues,2014,
82,50,32,8,108,47,3,5,,,262,211,+51,6-3-1,W3,x -- TB Tampa Bay Lightning,2014,
82,47,35,10,104,41,6,6,,,232,208,+24,4-4-2,L6,x -- NSH Nashville Predators,2014,
82,48,34,6,102,39,9,3,,,229,189,+40,4-6-0,L4,x -- CHI Chicago Blackhawks,2014,
82,48,34,5,101,42,6,2,,,242,222,+20,6-4-1,W3,x -- VAN Vancouver Canucks,2014,
82,45,37,11,101,40,5,4,,,242,203,+39,6-3-1,L1,x -- WSH Washington Capitals,2014,
82,47,35,7,101,40,7,6,,,252,230,+22,4-3-3,L1,x -- NYI New York Islanders,2014,
82,46,36,8,100,42,4,3,,,231,201,+30,6-3-1,L1,x -- MIN Minnesota Wild,2014,
82,43,39,14,100,39,4,10,,,235,221,+14,4-4-2,W1,x -- DET Detroit Red Wings,2014,
82,43,39,13,99,37,6,7,,,238,215,+23,6-2-2,W3,x -- OTT Ottawa Senators,2014,
82,43,39,13,99,36,7,6,,,230,210,+20,6-3-1,W1,x -- WPG Winnipeg Jets,2014,
82,43,39,12,98,39,4,6,,,221,210,+11,3-5-2,W1,x -- PIT Pittsburgh Penguins,2014,
82,45,37,7,97,41,4,3,,,241,216,+25,6-3-1,L1,x -- CGY Calgary Flames,2014,
82,41,41,14,96,37,4,10,,,213,211,+2,5-3-2,L3,e -- BOS Boston Bruins,2014,
82,40,42,15,95,38,2,8,,,220,205,+15,5-4-1,W1,e -- LA Los Angeles Kings,2014,
82,41,41,10,92,37,4,3,,,261,260,+1,7-3-0,W4,e -- DAL Dallas Stars,2014,
82,38,44,15,91,30,8,10,,,206,223,-17,5-4-1,W2,e -- FLA Florida Panthers,2014,
82,39,43,12,90,29,10,4,,,219,227,-8,6-4-0,W3,e -- COL Colorado Avalanche,2014,
82,40,42,9,89,36,4,6,,,228,232,-4,5-4-1,L1,e -- SJ San Jose Sharks,2014,
82,42,40,5,89,33,9,2,,,236,250,-14,9-0-1,W3,e -- CBJ Columbus Blue Jackets,2014,
82,33,49,18,84,30,3,11,,,215,234,-19,4-3-3,L2,e -- PHI Philadelphia Flyers,2014,
82,32,50,14,78,27,5,7,,,181,216,-35,1-6-3,L4,e -- NJ New Jersey Devils,2014,
82,30,52,11,71,25,5,7,,,188,226,-38,4-5-1,L1,e -- CAR Carolina Hurricanes,2014,
82,30,52,8,68,25,5,5,,,211,262,-51,3-5-2,L2,e -- TOR Toronto Maple Leafs,2014,
82,24,58,14,62,19,5,7,,,198,283,-85,4-6-1,L2,e -- EDM Edmonton Oilers,2014,
82,24,58,8,56,19,5,5,,,170,272,-102,3-7-0,L3,e -- ARI Arizona Coyotes,2014,
82,23,59,8,54,15,8,5,,,161,274,-113,3-6-1,L2,e -- BUF Buffalo Sabres,2014,
82,56,18,8,120,52,4,2,,,252,193,+59,4-3-3,L1,* -- WSH Washington Capitals,2015,
82,50,23,9,109,48,2,2,,,267,230,+37,8-2-0,W2,z -- DAL Dallas Stars,2015,
82,49,24,9,107,44,5,4,,,224,201,+23,8-2-0,L1,x -- STL St. Louis Blues,2015,
82,48,26,8,104,44,4,4,,,245,203,+42,8-2-0,L1,x -- PIT Pittsburgh Penguins,2015,
82,47,26,9,103,46,1,2,,,235,209,+26,5-2-3,L2,x -- CHI Chicago Blackhawks,2015,
82,46,25,11,103,43,3,4,,,218,192,+26,6-2-2,W2,y -- ANA Anaheim Ducks,2015,
82,47,26,9,103,40,7,3,,,239,203,+36,7-3-0,W1,y -- FLA Florida Panthers,2015,
82,48,28,6,102,46,2,3,,,225,195,+30,4-5-1,L1,x -- LA Los Angeles Kings,2015,
82,46,27,9,101,43,3,2,,,236,217,+19,6-3-1,W1,x -- NYR New York Rangers,2015,
82,45,27,10,100,40,5,5,,,232,216,+16,6-3-1,L2,x -- NYI New York Islanders,2015,
82,46,30,6,98,42,4,3,,,241,210,+31,5-5-0,W1,x -- SJ San Jose Sharks,2015,
82,46,31,5,97,43,3,3,,,227,201,+26,5-5-0,L1,x -- TB Tampa Bay Lightning,2015,
82,41,27,14,96,38,3,8,,,214,218,-4,6-3-1,W2,x -- PHI Philadelphia Flyers,2015,
82,41,27,14,96,37,4,2,,,228,215,+13,5-4-1,L1,x -- NSH Nashville Predators,2015,
82,41,30,11,93,39,2,5,,,211,224,-13,5-5-0,L2,x -- DET Detroit Red Wings,2015,
82,42,31,9,93,38,4,2,,,240,230,+10,3-6-1,L1,e -- BOS Boston Bruins,2015,
82,38,33,11,87,35,3,2,,,216,206,+10,5-5-0,L5,x -- MIN Minnesota Wild,2015,
82,35,31,16,86,33,2,5,,,198,226,-28,4-4-2,L2,e -- CAR Carolina Hurricanes,2015,
82,38,35,9,85,32,6,6,,,236,247,-11,5-4-1,W2,e -- OTT Ottawa Senators,2015,
82,38,36,8,84,36,2,6,,,184,208,-24,4-5-1,W1,e -- NJ New Jersey Devils,2015,
82,39,39,4,82,35,4,0,,,216,240,-24,2-8-0,L6,e -- COL Colorado Avalanche,2015,
82,38,38,6,82,33,5,3,,,221,236,-15,5-5-0,W2,e -- MTL Montreal Canadiens,2015,
82,35,36,11,81,33,2,7,,,201,222,-21,6-3-1,W1,e -- BUF Buffalo Sabres,2015,
82,35,39,8,78,34,1,1,,,209,245,-36,4-5-1,L4,e -- ARI Arizona Coyotes,2015,
82,35,39,8,78,32,3,3,,,215,239,-24,6-2-2,W4,e -- WPG Winnipeg Jets,2015,
82,35,40,7,77,33,2,3,,,231,260,-29,4-5-1,W2,e -- CGY Calgary Flames,2015,
82,34,40,8,76,28,6,4,,,219,252,-33,5-5-0,W3,e -- CBJ Columbus Blue Jackets,2015,
82,31,38,13,75,26,5,4,,,191,243,-52,4-5-1,W1,e -- VAN Vancouver Canucks,2015,
82,31,43,8,70,27,4,3,,,203,245,-42,4-5-1,L1,e -- EDM Edmonton Oilers,2015,
82,29,42,11,69,23,6,6,,,198,246,-48,3-7-0,L1,e -- TOR Toronto Maple Leafs,2015,
82,55,19,8,118,53,2,5,,,263,182,+81,8-2-0,L1,* -- WSH Washington Capitals,2016,
82,50,21,11,111,46,4,5,,,282,234,+48,4-4-2,L2,x -- PIT Pittsburgh Penguins,2016,
82,50,23,9,109,46,4,1,,,244,213,+31,3-3-4,L4,z -- CHI Chicago Blackhawks,2016,
82,50,24,8,108,48,2,2,,,249,195,+54,3-5-2,W1,x -- CBJ Columbus Blue Jackets,2016,
82,49,25,8,106,46,3,2,,,266,208,+58,5-3-2,W4,x -- MIN Minnesota Wild,2016,
82,46,23,13,105,43,3,3,,,223,200,+23,8-0-2,W4,y -- ANA Anaheim Ducks,2016,
82,47,26,9,103,44,3,2,,,226,200,+26,6-3-1,W1,y -- MTL Montreal Canadiens,2016,
82,47,26,9,103,43,4,5,,,247,212,+35,8-2-0,W3,x -- EDM Edmonton Oilers,2016,
82,48,28,6,102,45,3,4,,,256,220,+36,3-4-3,W1,x -- NYR New York Rangers,2016,
82,46,29,7,99,44,2,2,,,235,218,+17,7-1-2,W3,x -- STL St. Louis Blues,2016,
82,46,29,7,99,44,2,1,,,221,201,+20,4-6-0,W1,x -- SJ San Jose Sharks,2016,
82,44,28,10,98,38,6,4,,,212,214,-2,4-4-2,L1,x -- OTT Ottawa Senators,2016,
82,44,31,7,95,42,2,3,,,234,212,+22,6-3-1,L2,x -- BOS Boston Bruins,2016,
82,40,27,15,95,39,1,8,,,251,242,+9,6-4-0,L1,x -- TOR Toronto Maple Leafs,2016,
82,45,33,4,94,41,4,2,,,226,221,+5,4-6-0,L1,x -- CGY Calgary Flames,2016,
82,41,29,12,94,39,2,4,,,240,224,+16,5-4-1,L1,x -- NSH Nashville Predators,2016,
82,41,29,12,94,39,2,4,,,241,242,-1,7-3-0,W6,e -- NYI New York Islanders,2016,
82,42,30,10,94,38,4,3,,,234,227,+7,8-1-1,W3,e -- TB Tampa Bay Lightning,2016,
82,39,33,10,88,32,7,5,,,219,236,-17,6-2-2,L1,e -- PHI Philadelphia Flyers,2016,
82,40,35,7,87,37,3,1,,,249,256,-7,8-2-0,W7,e -- WPG Winnipeg Jets,2016,
82,36,31,15,87,33,3,6,,,215,236,-21,4-4-2,W1,e -- CAR Carolina Hurricanes,2016,
82,39,35,8,86,37,2,4,,,201,205,-4,5-4-1,L1,e -- LA Los Angeles Kings,2016,
82,35,36,11,81,30,5,6,,,210,237,-27,4-6-0,W2,e -- FLA Florida Panthers,2016,
82,34,37,11,79,33,1,2,,,223,262,-39,5-4-1,W1,e -- DAL Dallas Stars,2016,
82,33,36,13,79,24,9,0,,,207,244,-37,4-4-2,W1,e -- DET Detroit Red Wings,2016,
82,33,37,12,78,31,2,6,,,201,237,-36,4-6-0,L2,e -- BUF Buffalo Sabres,2016,
82,28,40,14,70,25,3,3,,,183,244,-61,1-7-2,L3,e -- NJ New Jersey Devils,2016,
82,30,42,10,70,24,6,2,,,197,260,-63,4-5-1,L1,e -- ARI Arizona Coyotes,2016,
82,30,43,9,69,26,4,2,,,182,243,-61,1-9-0,L8,e -- VAN Vancouver Canucks,2016,
82,22,56,4,48,21,1,2,,,166,278,-112,2-7-1,L3,e -- COL Colorado Avalanche,2016,
82,53,18,11,117,47,6,7,,,267,211,+56,5-4-1,W2,* -- NSH Nashville Predators,2017,
82,52,20,10,114,48,4,2,,,277,218,+59,9-1-0,W5,x -- WPG Winnipeg Jets,2017,
82,54,23,5,113,48,6,2,,,296,236,+60,5-4-1,L1,z -- TB Tampa Bay Lightning,2017,
82,50,20,12,112,47,3,3,,,270,214,+56,5-3-2,L1,x -- BOS Boston Bruins,2017,
82,51,24,7,109,47,4,3,,,272,228,+44,5-3-2,L2,y -- VGK Vegas Golden Knights,2017,
82,49,26,7,105,46,3,1,,,259,239,+20,8-2-0,W1,y -- WSH Washington Capitals,2017,
82,49,26,7,105,42,7,2,,,277,232,+45,6-4-0,W1,x -- TOR Toronto Maple Leafs,2017,
82,45,26,11,101,42,3,3,,,253,232,+21,4-2-4,W1,x -- MIN Minnesota Wild,2017,
82,44,25,13,101,40,4,7,,,235,216,+19,8-1-1,W5,x -- ANA Anaheim Ducks,2017,
82,47,29,6,100,45,2,2,,,272,250,+22,6-3-1,W2,x -- PIT Pittsburgh Penguins,2017,
82,45,27,10,100,40,5,3,,,252,229,+23,5-4-1,L1,x -- SJ San Jose Sharks,2017,
82,45,29,8,98,43,2,1,,,239,203,+36,6-2-2,L1,x -- LA Los Angeles Kings,2017,
82,42,26,14,98,40,2,7,,,251,243,+8,6-1-3,W2,x -- PHI Philadelphia Flyers,2017,
82,44,29,9,97,39,5,4,,,248,244,+4,7-2-1,L1,x -- NJ New Jersey Devils,2017,
82,45,30,7,97,39,6,4,,,242,230,+12,6-2-2,L2,x -- CBJ Columbus Blue Jackets,2017,
82,44,30,8,96,41,3,3,,,248,246,+2,7-2-1,W5,e -- FLA Florida Panthers,2017,
82,43,30,9,95,41,2,1,,,257,237,+20,4-5-1,W1,x -- COL Colorado Avalanche,2017,
82,44,32,6,94,41,3,0,,,226,222,+4,5-4-1,L1,e -- STL St. Louis Blues,2017,
82,42,32,8,92,38,4,3,,,235,225,+10,4-6-0,W1,e -- DAL Dallas Stars,2017,
82,37,35,10,84,35,2,5,,,218,248,-30,2-8-0,W1,e -- CGY Calgary Flames,2017,
82,36,35,11,83,33,3,3,,,228,256,-28,5-5-0,W1,e -- CAR Carolina Hurricanes,2017,
82,35,37,10,80,32,3,3,,,264,296,-32,5-5-0,W3,e -- NYI New York Islanders,2017,
82,36,40,6,78,31,5,1,,,234,263,-29,5-4-1,W2,e -- EDM Edmonton Oilers,2017,
82,34,39,9,77,31,3,5,,,231,268,-37,2-7-1,L3,e -- NYR New York Rangers,2017,
82,33,39,10,76,32,1,2,,,229,256,-27,3-5-2,L2,e -- CHI Chicago Blackhawks,2017,
82,31,40,11,73,31,0,5,,,218,264,-46,6-2-2,L1,e -- VAN Vancouver Canucks,2017,
82,30,39,13,73,25,5,1,,,217,255,-38,4-4-2,L3,e -- DET Detroit Red Wings,2017,
82,29,40,13,71,27,2,6,,,209,264,-55,3-6-1,L1,e -- MTL Montreal Canadiens,2017,
82,29,41,12,70,27,2,5,,,208,256,-48,5-4-1,L2,e -- ARI Arizona Coyotes,2017,
82,28,43,11,67,26,2,7,,,221,291,-70,2-8-0,L2,e -- OTT Ottawa Senators,2017,
82,25,45,12,62,24,1,2,,,199,280,-81,2-8-0,L4,e -- BUF Buffalo Sabres,2017,
82,62,16,4,128,56,6,1,,,325,222,+103,7-3-0,W2,* -- TB Tampa Bay Lightning,2018,
82,50,25,7,107,50,0,4,,,289,227,+62,6-4-0,L2,z -- CGY Calgary Flames,2018,
82,49,24,9,107,47,2,3,,,259,215,+44,6-4-0,L1,x -- BOS Boston Bruins,2018,
82,48,26,8,104,44,4,1,,,278,249,+29,6-3-1,L1,y -- WSH Washington Capitals,2018,
82,48,27,7,103,43,5,5,,,228,196,+32,6-4-0,W2,x -- NYI New York Islanders,2018,
82,46,27,9,101,46,0,3,,,289,261,+28,3-6-1,W2,x -- SJ San Jose Sharks,2018,
82,46,28,8,100,46,0,2,,,286,251,+35,3-4-3,L3,x -- TOR Toronto Maple Leafs,2018,
82,47,29,6,100,43,4,2,,,240,214,+26,7-2-1,W3,y -- NSH Nashville Predators,2018,
82,44,26,12,100,42,2,3,,,273,241,+32,5-2-3,L1,x -- PIT Pittsburgh Penguins,2018,
82,47,30,5,99,45,2,1,,,272,244,+28,4-5-1,W1,x -- WPG Winnipeg Jets,2018,
82,46,29,7,99,44,2,2,,,245,223,+22,6-4-0,W3,x -- CAR Carolina Hurricanes,2018,
82,45,28,9,99,42,3,3,,,247,223,+24,8-1-1,W2,x -- STL St. Louis Blues,2018,
82,47,31,4,98,45,2,1,,,258,232,+26,7-3-0,W2,x -- CBJ Columbus Blue Jackets,2018,
82,44,30,8,96,41,3,0,,,249,236,+13,7-2-1,W1,e -- MTL Montreal Canadiens,2018,
82,43,32,7,93,42,1,2,,,210,202,+8,6-3-1,W1,x -- DAL Dallas Stars,2018,
82,43,32,7,93,40,3,2,,,249,230,+19,3-5-2,L2,x -- VGK Vegas Golden Knights,2018,
82,38,30,14,90,36,2,2,,,260,246,+14,7-1-2,L1,x -- COL Colorado Avalanche,2018,
82,39,35,8,86,35,4,3,,,213,223,-10,3-5-2,L1,e -- ARI Arizona Coyotes,2018,
82,36,32,14,86,33,3,7,,,267,280,-13,4-4-2,L2,e -- FLA Florida Panthers,2018,
82,36,34,12,84,33,3,1,,,270,292,-22,4-4-2,L1,e -- CHI Chicago Blackhawks,2018,
82,37,36,9,83,36,1,4,,,211,237,-26,3-6-1,L2,e -- MIN Minnesota Wild,2018,
82,37,37,8,82,34,3,1,,,244,281,-37,2-8-0,L5,e -- PHI Philadelphia Flyers,2018,
82,35,36,11,81,29,6,6,,,225,254,-29,5-4-1,L2,e -- VAN Vancouver Canucks,2018,
82,35,37,10,80,32,3,3,,,199,251,-52,7-2-1,W3,e -- ANA Anaheim Ducks,2018,
82,35,38,9,79,32,3,3,,,232,274,-42,3-5-2,W1,e -- EDM Edmonton Oilers,2018,
82,32,36,14,78,26,6,5,,,227,272,-45,4-5-1,W1,e -- NYR New York Rangers,2018,
82,33,39,10,76,28,5,3,,,226,271,-45,2-7-1,W2,e -- BUF Buffalo Sabres,2018,
82,32,40,10,74,29,3,5,,,227,277,-50,7-3-0,L2,e -- DET Detroit Red Wings,2018,
82,31,41,10,72,28,3,4,,,222,275,-53,4-5-1,W1,e -- NJ New Jersey Devils,2018,
82,31,42,9,71,28,3,4,,,202,263,-61,6-3-1,W1,e -- LA Los Angeles Kings,2018,
82,29,47,6,64,29,0,1,,,242,302,-60,4-6-0,L2,e -- OTT Ottawa Senators,2018,
70,44,14,12,100,44,0,7,--,--,227,174,+53,7-3-0,W1,* -- BOS Boston Bruins,2019,38
71,42,19,10,94,40,2,3,--,--,225,193,+32,8-2-0,W1,x -- STL St. Louis Blues,2019,33
70,42,20,8,92,41,1,1,--,--,237,191,+46,7-2-1,W1,x -- COL Colorado Avalanche,2019,37
70,43,21,6,92,41,2,1,--,--,245,195,+50,3-6-1,L2,x -- TB Tampa Bay Lightning,2019,35
69,41,20,8,90,37,4,3,--,--,240,215,+25,4-3-3,L1,x -- WSH Washington Capitals,2019,31
69,41,21,7,89,36,5,5,--,--,232,196,+36,9-1-0,L1,x -- PHI Philadelphia Flyers,2019,31
69,40,23,6,86,37,3,0,--,--,224,196,+28,3-7-0,W1,x -- PIT Pittsburgh Penguins,2019,29
71,39,24,8,86,36,3,2,--,--,227,211,+16,8-2-0,W2,x -- VGK Vegas Golden Knights,2019,30
71,37,25,9,83,35,2,2,--,--,225,217,+8,5-3-2,L2,x -- EDM Edmonton Oilers,2019,31
69,37,24,8,82,35,2,3,--,--,180,177,+3,3-7-2,L6,x -- DAL Dallas Stars,2019,26
68,38,25,5,81,33,5,0,--,--,222,193,+29,5-4-1,W3,x -- CAR Carolina Hurricanes,2019,27
70,36,25,9,81,35,1,5,--,--,238,227,+11,5-4-1,W1,x -- TOR Toronto Maple Leafs,2019,28
70,33,22,15,81,33,0,4,--,--,180,187,-7,3-4-3,W1,x -- CBJ Columbus Blue Jackets,2019,25
68,35,23,10,80,32,3,3,--,--,192,193,-1,2-4-4,L7,x -- NYI New York Islanders,2019,24
71,37,28,6,80,34,3,2,--,--,216,203,+13,6-3-1,W4,x -- WPG Winnipeg Jets,2019,30
70,37,28,5,79,36,1,2,--,--,234,222,+12,5-4-1,L1,x -- NYR New York Rangers,2019,31
70,36,27,7,79,30,6,1,16-13-4,20-14-3,210,215,-5,6-3-1,L1,x -- CGY Calgary Flames,2019,25
69,35,26,8,78,32,3,4,--,--,231,228,+3,4-4-2,W2,x -- FLA Florida Panthers,2019,30
69,35,26,8,78,32,3,3,--,--,215,217,-2,6-3-1,W3,x -- NSH Nashville Predators,2019,28
69,36,27,6,78,32,4,3,--,--,228,217,+11,4-5-1,W1,x -- VAN Vancouver Canucks,2019,27
69,35,27,7,77,33,2,3,--,--,220,220,0,7-3-0,W1,x -- MIN Minnesota Wild,2019,30
70,33,29,8,74,28,5,4,--,--,195,187,+8,5-5-0,L2,x -- ARI Arizona Coyotes,2019,26
70,32,30,8,72,28,4,4,--,--,212,218,-6,6-4-0,W1,x -- CHI Chicago Blackhawks,2019,23
71,31,31,9,71,27,4,1,14-17-6,17-14-3,212,221,-9,4-5-1,L3,x -- MTL Montreal Canadiens,2019,19
69,30,31,8,68,28,2,2,--,--,195,217,-22,3-7-0,W1,e -- BUF Buffalo Sabres,2019,22
69,28,29,12,68,24,4,6,--,--,189,230,-41,6-2-2,L1,e -- NJ New Jersey Devils,2019,22
71,29,33,9,67,24,5,1,--,--,187,226,-39,5-3-2,L1,e -- ANA Anaheim Ducks,2019,20
70,29,35,6,64,28,1,3,--,--,178,212,-34,8-2-1,W7,e -- LA Los Angeles Kings,2019,21
70,29,36,5,63,27,2,1,--,--,182,226,-44,3-6-1,L4,e -- SJ San Jose Sharks,2019,22
71,25,34,12,62,24,1,5,--,--,191,243,-52,4-6-1,L2,e -- OTT Ottawa Senators,2019,18
71,17,49,5,39,14,3,2,--,--,145,267,-122,3-6-1,L1,e -- DET Detroit Red Wings,2019,13
56,39,13,4,82,39,0,1,22-4-2,17-9-2,197,133,+64,8-2-0,W5,* -- COL Colorado Avalanche,2020,35
56,40,14,2,82,39,1,2,21-5-2,19-9-0,191,124,+67,7-3-0,W1,x -- VGK Vegas Golden Knights,2020,30
56,36,12,8,80,32,4,2,20-3-5,16-9-3,179,136,+43,5-2-3,L3,y -- CAR Carolina Hurricanes,2020,27
56,37,14,5,79,36,1,2,20-5-3,17-9-2,189,153,+36,8-2-0,W6,x -- FLA Florida Panthers,2020,26
56,35,14,7,77,34,1,0,18-7-3,17-7-4,187,148,+39,7-1-2,L2,y -- TOR Toronto Maple Leafs,2020,29
56,37,16,3,77,34,3,1,22-4-2,15-12-1,196,156,+40,8-2-0,W3,y -- PIT Pittsburgh Penguins,2020,29
56,36,15,5,77,33,3,2,17-8-3,19-7-2,191,163,+28,7-2-1,W2,x -- WSH Washington Capitals,2020,29
56,36,17,3,75,35,1,2,21-7-0,15-10-3,181,147,+34,6-3-1,L3,x -- TB Tampa Bay Lightning,2020,29
56,35,16,5,75,34,1,1,21-5-2,14-11-3,181,160,+21,5-3-2,L2,x -- MIN Minnesota Wild,2020,27
56,33,16,7,73,29,4,2,18-7-3,15-9-4,168,136,+32,6-3-1,L1,x -- BOS Boston Bruins,2020,25
56,35,19,2,72,35,0,0,16-12-0,19-7-2,183,154,+29,7-3-0,L1,x -- EDM Edmonton Oilers,2020,31
56,32,17,7,71,28,4,3,21-4-3,11-13-4,156,128,+28,3-4-3,L1,x -- NYI New York Islanders,2020,24
56,31,23,2,64,26,5,0,18-10-0,13-13-2,156,154,+2,7-2-1,W2,x -- NSH Nashville Predators,2020,21
56,30,23,3,63,30,0,2,13-13-2,17-10-1,170,154,+16,3-7-0,W2,x -- WPG Winnipeg Jets,2020,24
56,27,20,9,63,25,2,3,12-11-5,15-9-4,169,170,-1,6-1-3,W3,x -- STL St. Louis Blues,2020,19
56,27,23,6,60,26,1,2,14-11-3,13-12-3,177,157,+20,4-6-0,W1,e -- NYR New York Rangers,2020,24
56,23,19,14,60,21,2,6,13-7-8,10-12-6,158,154,+4,4-4-2,W1,e -- DAL Dallas Stars,2020,17
56,24,21,11,59,23,1,3,13-11-4,11-10-7,159,168,-9,4-4-2,L5,x -- MTL Montreal Canadiens,2020,20
56,25,23,8,58,22,3,4,12-12-4,13-11-4,163,201,-38,4-5-1,W1,e -- PHI Philadelphia Flyers,2020,17
56,26,27,3,55,25,1,1,15-12-1,11-15-2,156,161,-5,6-4-0,W1,e -- CGY Calgary Flames,2020,22
56,24,25,7,55,22,2,2,13-11-4,11-14-3,161,186,-25,3-5-2,L1,e -- CHI Chicago Blackhawks,2020,15
56,24,26,6,54,21,3,2,12-12-4,12-14-2,153,176,-23,4-5-1,W2,e -- ARI Arizona Coyotes,2020,19
56,23,28,5,51,21,2,1,14-10-4,9-18-1,157,190,-33,7-2-1,W1,e -- OTT Ottawa Senators,2020,18
56,23,29,4,50,20,3,1,13-12-3,10-17-1,151,188,-37,4-5-1,L1,e -- VAN Vancouver Canucks,2020,17
56,21,28,7,49,20,1,1,9-14-5,12-14-2,143,170,-27,3-6-1,L5,e -- LA Los Angeles Kings,2020,19
56,21,28,7,49,16,5,3,11-13-4,10-15-3,151,199,-48,3-5-2,L3,e -- SJ San Jose Sharks,2020,15
56,19,27,10,48,17,2,3,12-11-5,7-16-5,127,171,-44,3-3-4,L1,e -- DET Detroit Red Wings,2020,16
56,18,26,12,48,15,3,3,11-9-8,7-17-4,137,187,-50,3-4-3,W1,e -- CBJ Columbus Blue Jackets,2020,12
56,19,30,7,45,19,0,5,7-18-3,12-12-4,145,194,-49,5-4-1,L2,e -- NJ New Jersey Devils,2020,15
56,17,30,9,43,15,2,2,6-18-4,11-12-5,126,179,-53,3-5-2,L2,e -- ANA Anaheim Ducks,2020,11
56,15,34,7,37,11,4,3,8-16-4,7-18-3,138,199,-61,3-7-0,L2,e -- BUF Buffalo Sabres,2020,11
82,58,18,6,122,55,3,4,34-7-0,24-11-6,340,246,+94,7-3-0,L1,* -- FLA Florida Panthers,2021,42
82,56,19,7,119,52,4,2,32-5-4,24-14-3,312,234,+78,4-5-1,L2,z -- COL Colorado Avalanche,2021,46
82,54,20,8,116,53,1,2,29-8-4,25-12-4,278,202,+76,8-2-0,W6,y -- CAR Carolina Hurricanes,2021,47
82,54,21,7,115,51,3,1,31-8-2,23-13-5,315,253,+62,7-2-1,W3,x -- TOR Toronto Maple Leafs,2021,45
82,53,22,7,113,48,5,4,31-8-2,22-14-5,310,253,+57,8-1-1,W2,x -- MIN Minnesota Wild,2021,37
82,50,21,11,111,48,2,2,25-9-7,25-12-4,293,208,+85,6-2-2,L2,y -- CGY Calgary Flames,2021,44
82,51,23,8,110,49,2,5,27-8-6,24-15-2,287,233,+54,7-3-0,W1,x -- TB Tampa Bay Lightning,2021,39
82,52,24,6,110,48,4,3,27-10-4,25-14-2,254,207,+47,6-4-0,W1,x -- NYR New York Rangers,2021,44
82,49,22,11,109,47,2,3,26-10-5,23-12-6,311,242,+69,7-2-1,L2,x -- STL St. Louis Blues,2021,43
82,51,26,5,107,49,2,2,26-13-2,25-13-3,254,220,+34,6-4-0,L1,x -- BOS Boston Bruins,2021,40
82,49,27,6,104,44,5,1,28-12-1,21-15-5,290,252,+38,7-2-1,W3,x -- EDM Edmonton Oilers,2021,38
82,46,25,11,103,43,3,7,23-13-5,23-12-6,272,229,+43,5-4-1,W1,x -- PIT Pittsburgh Penguins,2021,37
82,44,26,12,100,39,5,3,19-16-6,25-10-6,275,245,+30,4-4-2,L4,x -- WSH Washington Capitals,2021,35
82,44,27,11,99,40,4,4,21-16-4,23-11-7,239,236,+3,6-3-1,L1,x -- LA Los Angeles Kings,2021,35
82,46,30,6,98,41,5,2,27-10-4,19-20-2,238,246,-8,5-3-2,W1,x -- DAL Dallas Stars,2021,31
82,45,30,7,97,41,4,2,25-14-2,20-16-5,266,252,+14,4-4-2,L1,x -- NSH Nashville Predators,2021,35
82,43,31,8,94,39,4,4,22-15-4,21-16-4,266,248,+18,4-2-4,W1,e -- VGK Vegas Golden Knights,2021,34
82,40,30,12,92,37,3,5,20-14-7,20-16-5,249,236,+13,6-2-2,L1,e -- VAN Vancouver Canucks,2021,32
82,39,32,11,89,37,2,4,23-15-3,16-17-8,252,257,-5,6-4-0,W4,e -- WPG Winnipeg Jets,2021,32
82,37,35,10,84,35,2,6,20-16-5,17-19-5,231,237,-6,3-6-1,L1,e -- NYI New York Islanders,2021,34
82,37,38,7,81,33,4,3,21-15-5,16-23-2,262,299,-37,4-5-1,L1,e -- CBJ Columbus Blue Jackets,2021,26
82,32,37,13,77,29,3,3,18-18-5,14-19-8,214,264,-50,3-4-3,L3,e -- SJ San Jose Sharks,2021,22
82,31,37,14,76,27,4,5,17-19-5,14-18-9,232,271,-39,3-5-2,L1,e -- ANA Anaheim Ducks,2021,22
82,32,39,11,75,29,3,3,17-18-6,15-21-5,232,290,-58,6-4-0,W1,e -- BUF Buffalo Sabres,2021,25
82,32,40,10,74,29,3,2,18-16-7,14-24-3,230,312,-82,4-6-0,W1,e -- DET Detroit Red Wings,2021,21
82,33,42,7,73,30,3,2,15-22-4,18-20-3,227,266,-39,7-2-1,W1,e -- OTT Ottawa Senators,2021,26
82,28,42,12,68,22,6,2,14-21-6,14-21-6,219,291,-72,4-5-1,L1,e -- CHI Chicago Blackhawks,2021,16
82,27,46,9,63,24,3,5,16-20-5,11-26-4,248,307,-59,2-5-3,L6,e -- NJ New Jersey Devils,2021,19
82,25,46,11,61,24,1,4,14-21-6,11-25-5,211,298,-87,2-8-0,L3,e -- PHI Philadelphia Flyers,2021,20
82,27,49,6,60,24,3,1,16-22-3,11-27-3,216,285,-69,4-6-0,L1,e -- SEA Seattle Kraken,2021,23
82,25,50,7,57,24,1,4,11-27-3,14-23-4,207,313,-106,3-5-2,W3,e -- ARI Arizona Coyotes,2021,18
82,22,49,11,55,19,3,2,11-26-4,11-23-7,221,319,-98,2-8-0,W2,e -- MTL Montreal Canadiens,2021,16
