W,L,PCT,GB,HOME,AWAY,RS,RA,DIFF,STRK,L10,Team,Year
101,61,.623,-,50-32,51-29,877,716,+161,W2,7-3,* -- NYY New York Yankees,2003
101,61,.623,-,55-26,46-35,907,740,+167,W1,7-3,* -- ATL Atlanta Braves,2003
100,61,.621,0.5,57-24,43-37,755,638,+117,W2,7-3,x -- SF San Francisco Giants,2003
96,66,.593,5,57-24,39-42,768,643,+125,L3,5-5,x -- OAK Oakland Athletics,2003
95,67,.586,6,53-28,42-39,962,809,+153,L2,6-4,y -- BOS Boston Red Sox,2003
93,69,.574,8,50-30,43-38,795,631,+164,W3,6-4,SEA Seattle Mariners,2003
91,71,.562,10,53-28,38-43,751,692,+59,W1,7-3,y -- FLA Florida Marlins,2003
90,72,.556,11,48-33,42-39,801,758,+43,L2,7-3,x -- MIN Minnesota Twins,2003
88,74,.543,13,44-37,44-37,725,683,+42,L1,6-4,x -- CHC Chicago Cubs,2003
87,75,.537,14,48-33,39-42,805,677,+128,W1,4-6,HOU Houston Astros,2003
86,76,.531,15,51-30,35-46,791,715,+76,W3,6-4,CWS Chicago White Sox,2003
86,76,.531,15,49-32,37-44,790,697,+93,L1,3-7,PHI Philadelphia Phillies,2003
86,76,.531,15,41-40,45-36,894,826,+68,W2,7-3,TOR Toronto Blue Jays,2003
85,77,.525,16,46-35,39-42,574,556,+18,L2,4-6,LAD Los Angeles Dodgers,2003
85,77,.525,16,48-33,37-44,876,796,+80,W2,7-3,STL St. Louis Cardinals,2003
84,78,.519,17,45-36,39-42,717,685,+32,L2,5-5,ARI Arizona Diamondbacks,2003
83,79,.512,18,40-41,43-39,840,874,-34,L3,4-6,KC Kansas City Royals,2003
83,79,.512,18,52-29,31-50,711,716,-5,W1,6-4,MON Montreal Expos,2003
77,85,.475,24,45-37,33-48,743,747,-4,W1,5-5,ANA Anaheim Angels,2003
75,87,.463,26,39-42,36-45,753,801,-48,W1,4-6,PIT Pittsburgh Pirates,2003
74,88,.457,27,49-32,25-56,853,892,-39,W2,5-5,COL Colorado Rockies,2003
71,91,.438,30,40-40,31-51,743,820,-77,L2,3-7,BAL Baltimore Orioles,2003
71,91,.438,30,43-38,28-53,826,969,-143,L1,4-6,TEX Texas Rangers,2003
69,93,.426,32,35-46,34-47,694,885,-191,L1,4-6,CIN Cincinnati Reds,2003
68,94,.420,33,38-43,30-51,699,778,-79,L2,3-7,CLE Cleveland Indians,2003
68,94,.420,33,31-50,37-44,714,873,-159,L1,3-7,MIL Milwaukee Brewers,2003
66,95,.410,34.5,34-46,32-49,641,753,-112,L1,3-7,NYM New York Mets,2003
64,98,.395,37,35-46,28-52,672,832,-160,L2,4-6,SD San Diego Padres,2003
63,99,.389,38,36-45,27-54,714,852,-138,W2,3-7,TB Tampa Bay Devil Rays,2003
43,119,.265,58,23-58,20-61,591,928,-337,W2,5-5,DET Detroit Tigers,2003
105,57,.648,-,53-28,52-29,855,659,+196,W1,5-5,x -- STL St. Louis Cardinals,2004
101,61,.623,4,57-24,44-37,897,808,+89,W1,6-4,x -- NYY New York Yankees,2004
98,64,.605,7,55-26,43-38,949,769,+180,L1,7-3,y -- BOS Boston Red Sox,2004
96,66,.593,9,49-32,47-34,803,668,+135,L1,7-3,x -- ATL Atlanta Braves,2004
93,69,.574,12,49-32,44-37,761,684,+77,L1,6-4,x -- LAD Los Angeles Dodgers,2004
92,70,.568,13,45-36,47-34,836,734,+102,L1,7-3,x -- ANA Anaheim Angels,2004
92,70,.568,13,48-33,44-37,803,698,+105,W7,9-1,y -- HOU Houston Astros,2004
92,70,.568,13.5,48-32,43-38,774,710,+64,W1,3-7,x -- MIN Minnesota Twins,2004
91,71,.562,14,52-29,39-42,793,742,+51,W1,4-6,OAK Oakland Athletics,2004
91,71,.562,14,47-35,44-36,850,770,+80,W1,5-5,SF San Francisco Giants,2004
89,73,.549,16,51-30,38-43,860,794,+66,W2,4-6,TEX Texas Rangers,2004
89,73,.549,16,45-37,44-36,789,665,+124,W1,3-7,CHC Chicago Cubs,2004
87,75,.537,18,42-39,45-36,768,703,+65,L2,5-5,SD San Diego Padres,2004
86,76,.531,19,42-39,44-37,840,781,+59,W1,7-3,PHI Philadelphia Phillies,2004
83,79,.512,22,46-35,37-44,865,831,+34,W1,6-4,CWS Chicago White Sox,2004
83,79,.512,22,42-38,41-41,718,700,+18,L1,4-6,FLA Florida Marlins,2004
80,81,.497,24.5,44-37,36-44,853,851,+2,L1,7-3,CLE Cleveland Indians,2004
78,84,.481,27,38-43,40-41,843,830,+13,W1,6-4,BAL Baltimore Orioles,2004
76,86,.469,29,40-41,36-45,750,907,-157,L2,6-4,CIN Cincinnati Reds,2004
72,89,.447,32.5,39-41,33-48,680,744,-64,W2,4-6,PIT Pittsburgh Pirates,2004
72,90,.444,33,38-43,34-47,827,844,-17,L1,4-6,DET Detroit Tigers,2004
71,91,.438,34,38-43,33-48,684,731,-47,W1,5-5,NYM New York Mets,2004
70,91,.435,34.5,41-39,29-52,714,842,-128,W1,6-4,TB Tampa Bay Devil Rays,2004
68,94,.420,37,38-43,30-51,833,923,-90,L4,1-9,COL Colorado Rockies,2004
67,94,.416,37.5,40-41,27-53,719,823,-104,L1,4-6,TOR Toronto Blue Jays,2004
67,94,.416,37.5,36-45,31-49,634,757,-123,L1,4-6,MIL Milwaukee Brewers,2004
67,95,.414,38,35-45,32-50,633,769,-136,L1,3-7,MON Montreal Expos,2004
63,99,.389,42,38-44,25-55,698,823,-125,L2,5-5,SEA Seattle Mariners,2004
58,104,.358,47,33-47,25-57,720,905,-185,L1,2-8,KC Kansas City Royals,2004
51,111,.315,54,29-52,22-59,615,899,-284,W2,4-6,ARI Arizona Diamondbacks,2004
100,62,.617,-,50-31,50-31,805,634,+171,W3,5-5,* -- STL St. Louis Cardinals,2005
99,63,.611,1,47-34,52-29,741,645,+96,W5,8-2,* -- CWS Chicago White Sox,2005
95,67,.586,5,49-32,46-35,761,643,+118,W4,8-2,x -- LAA Los Angeles Angels,2005
95,67,.586,5,53-28,42-39,886,786,+100,L1,6-4,x -- NYY New York Yankees,2005
95,67,.586,5,54-27,41-40,907,805,+102,W1,7-3,y -- BOS Boston Red Sox,2005
93,69,.574,7,43-38,50-31,790,643,+147,L3,4-6,CLE Cleveland Indians,2005
90,72,.556,10,53-28,37-44,769,674,+95,L4,4-6,x -- ATL Atlanta Braves,2005
89,73,.549,11,53-28,36-45,693,609,+84,W2,6-4,y -- HOU Houston Astros,2005
88,74,.543,12,46-35,42-39,807,726,+81,W4,7-3,PHI Philadelphia Phillies,2005
88,74,.543,12,45-36,43-38,772,658,+114,W2,4-6,OAK Oakland Athletics,2005
83,79,.512,17,48-33,35-46,722,648,+74,L1,8-2,NYM New York Mets,2005
83,79,.512,17,45-36,38-43,688,662,+26,W3,5-5,MIN Minnesota Twins,2005
83,79,.512,17,45-36,38-43,717,732,-15,W3,4-6,FLA Florida Marlins,2005
82,80,.506,18,46-35,36-45,684,726,-42,W1,6-4,x -- SD San Diego Padres,2005
81,81,.500,19,46-35,35-46,726,697,+29,L2,6-4,MIL Milwaukee Brewers,2005
81,81,.500,19,41-40,40-41,639,673,-34,L3,4-6,WAS Washington Nationals,2005
80,82,.494,20,43-38,37-44,775,705,+70,W1,5-5,TOR Toronto Blue Jays,2005
79,83,.488,21,44-37,35-46,865,858,+7,L4,4-6,TEX Texas Rangers,2005
79,83,.488,21,38-43,41-40,703,714,-11,L2,5-5,CHC Chicago Cubs,2005
77,85,.475,23,36-45,41-40,696,856,-160,L1,8-2,ARI Arizona Diamondbacks,2005
75,87,.463,25,37-44,38-43,649,745,-96,W1,4-6,SF San Francisco Giants,2005
74,88,.457,26,36-45,38-43,729,800,-71,W3,4-6,BAL Baltimore Orioles,2005
73,89,.451,27,42-39,31-50,820,889,-69,L4,2-8,CIN Cincinnati Reds,2005
71,91,.438,29,39-42,32-49,723,787,-64,L5,4-6,DET Detroit Tigers,2005
71,91,.438,29,40-41,31-50,685,755,-70,L1,4-6,LAD Los Angeles Dodgers,2005
69,93,.426,31,39-42,30-51,699,751,-52,L2,3-7,SEA Seattle Mariners,2005
67,95,.414,33,40-41,27-54,750,936,-186,L4,4-6,TB Tampa Bay Devil Rays,2005
67,95,.414,33,34-47,33-48,680,769,-89,W2,5-5,PIT Pittsburgh Pirates,2005
67,95,.414,33,40-41,27-54,740,862,-122,W1,4-6,COL Colorado Rockies,2005
56,106,.346,44,34-47,22-59,702,935,-233,L1,4-6,KC Kansas City Royals,2005
97,65,.599,-,50-31,47-34,930,767,+163,L2,5-5,* -- NYY New York Yankees,2006
97,65,.599,-,50-31,47-34,834,731,+103,W4,5-5,* -- NYM New York Mets,2006
96,66,.593,1,54-27,42-39,801,683,+118,W1,6-4,x -- MIN Minnesota Twins,2006
95,67,.586,2,46-35,49-32,822,675,+147,L5,4-6,y -- DET Detroit Tigers,2006
93,69,.574,4,49-32,44-37,771,727,+44,W1,4-6,x -- OAK Oakland Athletics,2006
90,72,.556,7,49-32,41-40,868,794,+74,L1,5-5,CWS Chicago White Sox,2006
89,73,.549,8,45-36,44-37,766,732,+34,L1,7-3,LAA Los Angeles Angels,2006
88,74,.543,9,43-38,45-36,731,679,+52,W2,8-2,x -- SD San Diego Padres,2006
88,74,.543,9,49-32,39-42,820,751,+69,W7,9-1,y -- LAD Los Angeles Dodgers,2006
87,75,.537,10,50-31,37-44,809,754,+55,W2,7-3,TOR Toronto Blue Jays,2006
86,76,.531,11,48-33,38-43,820,825,-5,W1,5-5,BOS Boston Red Sox,2006
85,77,.525,12,41-40,44-37,865,812,+53,L1,6-4,PHI Philadelphia Phillies,2006
83,78,.516,13.5,49-31,34-47,781,762,+19,L1,3-7,x -- STL St. Louis Cardinals,2006
82,80,.506,15,44-37,38-43,735,719,+16,L1,8-2,HOU Houston Astros,2006
80,82,.494,17,42-39,38-43,749,801,-52,L2,6-4,CIN Cincinnati Reds,2006
80,82,.494,17,39-42,41-40,835,784,+51,L2,3-7,TEX Texas Rangers,2006
79,83,.488,18,40-41,39-42,849,805,+44,W1,5-5,ATL Atlanta Braves,2006
78,84,.481,19,42-39,36-45,758,772,-14,W1,3-7,FLA Florida Marlins,2006
78,84,.481,19,44-37,34-47,756,792,-36,W2,5-5,SEA Seattle Mariners,2006
78,84,.481,19,44-37,34-47,870,782,+88,W4,8-2,CLE Cleveland Indians,2006
76,85,.472,20.5,43-38,33-47,746,790,-44,L4,1-9,SF San Francisco Giants,2006
76,86,.469,21,39-42,37-44,773,788,-15,L2,4-6,ARI Arizona Diamondbacks,2006
76,86,.469,21,44-37,32-49,813,812,+1,L1,5-5,COL Colorado Rockies,2006
75,87,.463,22,48-33,27-54,730,833,-103,W1,6-4,MIL Milwaukee Brewers,2006
71,91,.438,26,41-40,30-51,746,872,-126,L3,5-5,WAS Washington Nationals,2006
70,92,.432,27,40-41,30-51,768,899,-131,L1,4-6,BAL Baltimore Orioles,2006
67,95,.414,30,43-38,24-57,691,794,-103,W2,2-8,PIT Pittsburgh Pirates,2006
66,96,.407,31,36-45,30-51,713,834,-121,W1,4-6,CHC Chicago Cubs,2006
62,100,.383,35,34-47,28-53,757,971,-214,W3,4-6,KC Kansas City Royals,2006
61,101,.377,36,41-40,20-61,689,856,-167,L4,3-7,TB Tampa Bay Devil Rays,2006
96,66,.593,-,51-30,45-36,867,657,+210,L1,6-4,x -- BOS Boston Red Sox,2007
96,66,.593,-,51-29,45-37,823,708,+115,W1,6-4,x -- CLE Cleveland Indians,2007
94,68,.580,2,54-27,40-41,822,731,+91,L1,4-6,x -- LAA Los Angeles Angels,2007
94,68,.580,2,52-29,42-39,968,777,+191,W2,6-4,y -- NYY New York Yankees,2007
90,72,.556,6,50-31,40-41,712,732,-20,L2,5-5,* -- ARI Arizona Diamondbacks,2007
90,73,.552,6.5,51-31,39-42,860,758,+102,W3,9-1,y -- COL Colorado Rockies,2007
89,73,.549,7,47-34,42-39,892,821,+71,W1,7-3,x -- PHI Philadelphia Phillies,2007
89,74,.546,7.5,47-34,42-40,741,666,+75,L3,4-6,SD San Diego Padres,2007
88,74,.543,8,45-36,43-38,887,797,+90,W1,5-5,DET Detroit Tigers,2007
88,74,.543,8,49-33,39-41,798,825,-27,W5,6-4,SEA Seattle Mariners,2007
88,74,.543,8,41-40,47-34,804,750,+54,L1,4-6,NYM New York Mets,2007
85,77,.525,11,44-37,41-40,752,690,+62,L1,6-4,x -- CHC Chicago Cubs,2007
84,78,.519,12,44-37,40-41,810,733,+77,L2,5-5,ATL Atlanta Braves,2007
83,79,.512,13,49-32,34-47,753,699,+54,L1,6-4,TOR Toronto Blue Jays,2007
83,79,.512,13,51-30,32-49,801,776,+25,W2,5-5,MIL Milwaukee Brewers,2007
82,80,.506,14,43-38,39-42,735,727,+8,L1,3-7,LAD Los Angeles Dodgers,2007
79,83,.488,17,41-40,38-43,718,725,-7,W1,4-6,MIN Minnesota Twins,2007
78,84,.481,18,43-38,35-46,725,829,-104,W5,7-3,STL St. Louis Cardinals,2007
76,86,.469,20,40-41,36-45,741,758,-17,W1,2-8,OAK Oakland Athletics,2007
75,87,.463,21,47-34,28-53,816,844,-28,L3,5-5,TEX Texas Rangers,2007
73,89,.451,23,40-41,33-48,673,783,-110,L1,5-5,WAS Washington Nationals,2007
73,89,.451,23,42-39,31-50,723,813,-90,W2,7-3,HOU Houston Astros,2007
72,90,.444,24,38-43,34-47,693,839,-146,L1,6-4,CWS Chicago White Sox,2007
72,90,.444,24,39-42,33-48,783,853,-70,W1,3-7,CIN Cincinnati Reds,2007
71,91,.438,25,39-42,32-49,683,720,-37,W1,4-6,SF San Francisco Giants,2007
71,91,.438,25,36-45,35-46,790,891,-101,W1,6-4,FLA Florida Marlins,2007
69,93,.426,27,35-46,34-47,756,868,-112,L2,4-6,BAL Baltimore Orioles,2007
69,93,.426,27,35-46,34-47,706,778,-72,L1,3-7,KC Kansas City Royals,2007
68,94,.420,28,37-44,31-50,724,846,-122,L4,2-8,PIT Pittsburgh Pirates,2007
66,96,.407,30,37-44,29-52,782,944,-162,W1,3-7,TB Tampa Bay Devil Rays,2007
100,62,.617,-,50-31,50-31,765,697,+68,W1,7-3,* -- LAA Los Angeles Angels,2008
97,64,.602,2.5,55-26,42-38,855,671,+184,L1,5-5,* -- CHC Chicago Cubs,2008
97,65,.599,3,57-24,40-41,774,671,+103,W1,6-4,x -- TB Tampa Bay Rays,2008
95,67,.586,5,56-25,39-42,845,694,+151,W1,6-4,y -- BOS Boston Red Sox,2008
92,70,.568,8,48-33,44-37,799,680,+119,W3,7-3,x -- PHI Philadelphia Phillies,2008
90,72,.556,10,49-32,41-40,750,689,+61,W1,6-4,y -- MIL Milwaukee Brewers,2008
89,73,.549,11,48-33,41-40,789,727,+62,L1,8-2,NYY New York Yankees,2008
89,73,.549,11,48-33,41-40,799,715,+84,L1,4-6,NYM New York Mets,2008
89,74,.546,11.5,54-28,35-46,811,729,+82,W3,4-6,x -- CWS Chicago White Sox,2008
88,75,.540,12.5,53-28,35-47,829,745,+84,L1,5-5,MIN Minnesota Twins,2008
86,75,.534,13.5,47-33,39-42,712,743,-31,W1,6-4,HOU Houston Astros,2008
86,76,.531,14,47-34,39-42,714,610,+104,W1,5-5,TOR Toronto Blue Jays,2008
86,76,.531,14,46-35,40-41,779,725,+54,W6,7-3,STL St. Louis Cardinals,2008
84,77,.522,15.5,45-36,39-41,770,767,+3,W1,5-5,FLA Florida Marlins,2008
84,78,.519,16,48-33,36-45,700,648,+52,L1,5-5,x -- LAD Los Angeles Dodgers,2008
82,80,.506,18,48-33,34-47,720,706,+14,W3,6-4,ARI Arizona Diamondbacks,2008
81,81,.500,19,45-36,36-45,805,761,+44,L1,6-4,CLE Cleveland Indians,2008
79,83,.488,21,40-41,39-42,901,967,-66,L1,4-6,TEX Texas Rangers,2008
75,86,.466,24.5,43-38,32-48,646,690,-44,L5,4-6,OAK Oakland Athletics,2008
75,87,.463,25,38-43,37-44,691,781,-90,L1,7-3,KC Kansas City Royals,2008
74,88,.457,26,43-38,31-50,747,822,-75,L3,5-5,COL Colorado Rockies,2008
74,88,.457,26,43-38,31-50,704,800,-96,L5,4-6,CIN Cincinnati Reds,2008
74,88,.457,26,40-41,34-47,821,857,-36,L2,3-7,DET Detroit Tigers,2008
72,90,.444,28,37-44,35-46,640,759,-119,W1,4-6,SF San Francisco Giants,2008
72,90,.444,28,43-38,29-52,753,778,-25,L1,5-5,ATL Atlanta Braves,2008
68,93,.422,31.5,37-43,31-50,782,869,-87,L1,1-9,BAL Baltimore Orioles,2008
67,95,.414,33,39-42,28-53,735,884,-149,W1,3-7,PIT Pittsburgh Pirates,2008
63,99,.389,37,35-46,28-53,637,764,-127,L1,5-5,SD San Diego Padres,2008
61,101,.377,39,35-46,26-55,671,811,-140,W3,4-6,SEA Seattle Mariners,2008
59,102,.366,40.5,34-46,25-56,641,825,-184,L4,1-9,WAS Washington Nationals,2008
103,59,.636,-,57-24,46-35,915,753,+162,W1,7-3,* -- NYY New York Yankees,2009
97,65,.599,6,49-32,48-33,883,761,+122,W3,7-3,x -- LAA Los Angeles Angels,2009
95,67,.586,8,50-31,45-36,780,611,+169,W2,4-6,* -- LAD Los Angeles Dodgers,2009
95,67,.586,8,56-25,39-42,872,736,+136,W4,4-6,y -- BOS Boston Red Sox,2009
93,69,.574,10,45-36,48-33,820,709,+111,W1,4-6,x -- PHI Philadelphia Phillies,2009
92,70,.568,11,51-30,41-40,804,715,+89,L2,6-4,y -- COL Colorado Rockies,2009
91,71,.562,12,46-35,45-36,730,640,+90,L3,2-8,x -- STL St. Louis Cardinals,2009
88,74,.543,15,52-29,36-45,657,611,+46,W1,6-4,SF San Francisco Giants,2009
87,75,.537,16,48-33,39-42,784,740,+44,L2,4-6,TEX Texas Rangers,2009
87,75,.537,16,43-38,44-37,772,766,+6,L1,6-4,FLA Florida Marlins,2009
87,76,.534,16.5,49-33,38-43,817,765,+52,W5,7-3,x -- MIN Minnesota Twins,2009
86,76,.531,17,40-41,46-35,735,641,+94,L6,4-6,ATL Atlanta Braves,2009
86,77,.528,17.5,51-30,35-47,743,745,-2,L1,4-6,DET Detroit Tigers,2009
85,77,.525,18,48-33,37-44,640,692,-52,W2,6-4,SEA Seattle Mariners,2009
84,78,.519,19,52-29,32-49,803,754,+49,L1,6-4,TB Tampa Bay Rays,2009
83,78,.516,19.5,46-34,37-44,707,672,+35,L1,5-5,CHC Chicago Cubs,2009
80,82,.494,23,40-41,40-41,785,818,-33,W3,5-5,MIL Milwaukee Brewers,2009
79,83,.488,24,43-38,36-45,724,732,-8,L1,6-4,CWS Chicago White Sox,2009
78,84,.481,25,40-41,38-43,673,723,-50,W2,7-3,CIN Cincinnati Reds,2009
75,87,.463,28,44-37,31-50,798,771,+27,L3,6-4,TOR Toronto Blue Jays,2009
75,87,.463,28,40-41,35-46,759,761,-2,L7,3-7,OAK Oakland Athletics,2009
75,87,.463,28,42-39,33-48,638,769,-131,L1,6-4,SD San Diego Padres,2009
74,88,.457,29,44-37,30-51,643,770,-127,L3,3-7,HOU Houston Astros,2009
70,92,.432,33,36-45,34-47,720,782,-62,W1,4-6,ARI Arizona Diamondbacks,2009
70,92,.432,33,41-40,29-52,671,757,-86,W3,5-5,NYM New York Mets,2009
65,97,.401,38,35-46,30-51,773,865,-92,L5,4-6,CLE Cleveland Indians,2009
65,97,.401,38,33-48,32-49,686,842,-156,L3,2-8,KC Kansas City Royals,2009
64,98,.395,39,39-42,25-56,741,876,-135,W4,4-6,BAL Baltimore Orioles,2009
62,99,.385,40.5,40-41,22-58,636,768,-132,L2,6-4,PIT Pittsburgh Pirates,2009
59,103,.364,44,33-48,26-55,710,874,-164,W7,7-3,WAS Washington Nationals,2009
97,65,.599,-,54-30,43-35,772,640,+132,L1,6-4,* -- PHI Philadelphia Phillies,2010
96,66,.593,1,49-32,47-34,802,649,+153,W2,5-5,* -- TB Tampa Bay Rays,2010
95,67,.586,2,52-29,43-38,859,693,+166,L2,3-7,y -- NYY New York Yankees,2010
94,68,.580,3,53-28,41-40,781,671,+110,L1,2-8,x -- MIN Minnesota Twins,2010
92,70,.568,5,49-32,43-38,697,583,+114,W1,7-3,x -- SF San Francisco Giants,2010
91,71,.562,6,49-32,42-39,790,685,+105,W2,5-5,x -- CIN Cincinnati Reds,2010
91,71,.562,6,56-25,35-46,738,629,+109,W1,5-5,y -- ATL Atlanta Braves,2010
90,72,.556,7,51-30,39-42,787,687,+100,L1,6-4,x -- TEX Texas Rangers,2010
90,72,.556,7,45-36,45-36,665,581,+84,L1,5-5,SD San Diego Padres,2010
89,73,.549,8,46-35,43-38,818,744,+74,W2,5-5,BOS Boston Red Sox,2010
88,74,.543,9,45-36,43-38,752,704,+48,W2,8-2,CHW Chicago White Sox,2010
86,76,.531,11,52-29,34-47,736,641,+95,W5,8-2,STL St. Louis Cardinals,2010
85,77,.525,12,45-33,40-44,755,728,+27,W1,8-2,TOR Toronto Blue Jays,2010
83,79,.512,14,52-29,31-50,770,717,+53,L8,1-9,COL Colorado Rockies,2010
81,81,.500,16,47-34,34-47,663,626,+37,W4,4-6,OAK Oakland Athletics,2010
81,81,.500,16,52-29,29-52,751,743,+8,W1,4-6,DET Detroit Tigers,2010
80,82,.494,17,41-40,39-42,719,717,+2,W2,4-6,FLA Florida Marlins,2010
80,82,.494,17,45-36,35-46,667,692,-25,W2,7-3,LAD Los Angeles Dodgers,2010
80,82,.494,17,43-38,37-44,681,702,-21,W1,5-5,LAA Los Angeles Angels,2010
79,83,.488,18,47-34,32-49,656,652,+4,L1,5-5,NYM New York Mets,2010
77,85,.475,20,40-41,37-44,750,804,-54,L2,6-4,MIL Milwaukee Brewers,2010
76,86,.469,21,42-39,34-47,611,729,-118,W1,3-7,HOU Houston Astros,2010
75,87,.463,22,35-46,40-41,685,767,-82,L1,6-4,CHC Chicago Cubs,2010
69,93,.426,28,38-43,31-50,646,752,-106,L2,7-3,CLE Cleveland Indians,2010
69,93,.426,28,41-40,28-53,655,742,-87,W1,5-5,WSH Washington Nationals,2010
67,95,.414,30,38-43,29-52,676,845,-169,L2,4-6,KC Kansas City Royals,2010
66,96,.407,31,37-44,29-52,613,785,-172,L1,5-5,BAL Baltimore Orioles,2010
65,97,.401,32,40-41,25-56,713,836,-123,L2,4-6,ARI Arizona Diamondbacks,2010
61,101,.377,36,35-46,26-55,513,698,-185,L5,3-7,SEA Seattle Mariners,2010
57,105,.352,40,40-41,17-64,587,866,-279,L2,4-6,PIT Pittsburgh Pirates,2010
102,60,.630,-,52-29,50-31,713,529,+184,W4,4-6,* -- PHI Philadelphia Phillies,2011
97,65,.599,5,52-29,45-36,867,657,+210,L4,5-5,* -- NYY New York Yankees,2011
96,66,.593,6,57-24,39-42,721,638,+83,W2,7-3,x -- MIL Milwaukee Brewers,2011
96,66,.593,6,52-29,44-37,855,677,+178,W6,9-1,x -- TEX Texas Rangers,2011
95,67,.586,7,50-31,45-36,787,711,+76,W4,7-3,x -- DET Detroit Tigers,2011
94,68,.580,8,51-30,43-38,731,662,+69,L1,7-3,x -- ARI Arizona Diamondbacks,2011
91,71,.562,11,47-34,44-37,707,614,+93,W5,6-4,y -- TB Tampa Bay Rays,2011
90,72,.556,12,45-36,45-36,762,692,+70,W2,7-3,y -- STL St. Louis Cardinals,2011
90,72,.556,12,45-36,45-36,875,737,+138,L1,3-7,BOS Boston Red Sox,2011
89,73,.549,13,47-34,42-39,641,605,+36,L5,2-8,ATL Atlanta Braves,2011
86,76,.531,16,45-36,41-40,667,633,+34,L4,3-7,LAA Los Angeles Angels,2011
86,76,.531,16,46-35,40-41,570,578,-8,L1,4-6,SF San Francisco Giants,2011
82,79,.509,19.5,42-39,40-40,644,612,+32,W1,7-3,LAD Los Angeles Dodgers,2011
81,81,.500,21,42-39,39-42,743,761,-18,W1,4-6,TOR Toronto Blue Jays,2011
80,81,.497,21.5,44-36,36-45,624,643,-19,W1,8-2,WSH Washington Nationals,2011
80,82,.494,22,44-37,36-45,704,760,-56,L4,4-6,CLE Cleveland Indians,2011
79,83,.488,23,36-45,43-38,654,706,-52,L1,5-5,CHW Chicago White Sox,2011
79,83,.488,23,42-39,37-44,735,720,+15,L1,5-5,CIN Cincinnati Reds,2011
77,85,.475,25,34-47,43-38,718,742,-24,W1,5-5,NYM New York Mets,2011
74,88,.457,28,43-38,31-50,645,679,-34,W2,5-5,OAK Oakland Athletics,2011
73,89,.451,29,38-43,35-46,735,774,-39,W1,3-7,COL Colorado Rockies,2011
72,90,.444,30,31-47,41-43,625,702,-77,L1,3-7,FLA Florida Marlins,2011
72,90,.444,30,36-45,36-45,610,712,-102,L2,4-6,PIT Pittsburgh Pirates,2011
71,91,.438,31,40-41,31-50,730,762,-32,L2,5-5,KC Kansas City Royals,2011
71,91,.438,31,39-42,32-49,654,756,-102,L1,4-6,CHC Chicago Cubs,2011
71,91,.438,31,35-46,36-45,593,611,-18,W1,6-4,SD San Diego Padres,2011
69,93,.426,33,39-42,30-51,708,860,-152,W1,6-4,BAL Baltimore Orioles,2011
67,95,.414,35,39-45,28-50,556,675,-119,L2,4-6,SEA Seattle Mariners,2011
63,99,.389,39,33-48,30-51,619,804,-185,W2,4-6,MIN Minnesota Twins,2011
56,106,.346,46,31-50,25-56,615,796,-181,L2,4-6,HOU Houston Astros,2011
98,64,.605,-,50-31,48-33,731,594,+137,W2,6-4,* -- WSH Washington Nationals,2012
97,65,.599,1,50-31,47-34,669,588,+81,L1,5-5,x -- CIN Cincinnati Reds,2012
95,67,.586,3,51-30,44-37,804,668,+136,W4,7-3,* -- NYY New York Yankees,2012
94,68,.580,4,50-31,44-37,713,614,+99,W6,8-2,x -- OAK Oakland Athletics,2012
94,68,.580,4,48-33,46-35,718,649,+69,L1,5-5,x -- SF San Francisco Giants,2012
94,68,.580,4,48-33,46-35,700,600,+100,W1,7-3,y -- ATL Atlanta Braves,2012
93,69,.574,5,50-31,43-38,808,707,+101,L3,3-7,y -- TEX Texas Rangers,2012
93,69,.574,5,47-34,46-35,712,705,+7,L1,6-4,y -- BAL Baltimore Orioles,2012
90,72,.556,8,46-35,44-37,697,577,+120,W1,8-2,TB Tampa Bay Rays,2012
89,73,.549,9,46-35,43-38,767,699,+68,L2,6-4,LAA Los Angeles Angels,2012
88,74,.543,10,50-31,38-43,726,670,+56,W1,8-2,x -- DET Detroit Tigers,2012
88,74,.543,10,50-31,38-43,765,648,+117,W1,7-3,y -- STL St. Louis Cardinals,2012
86,76,.531,12,45-36,41-40,637,597,+40,W1,8-2,LAD Los Angeles Dodgers,2012
85,77,.525,13,45-36,40-41,748,676,+72,W1,4-6,CHW Chicago White Sox,2012
83,79,.512,15,49-32,34-47,776,733,+43,L1,4-6,MIL Milwaukee Brewers,2012
81,81,.500,17,40-41,41-40,684,680,+4,L2,4-6,PHI Philadelphia Phillies,2012
81,81,.500,17,41-40,40-41,734,688,+46,L1,4-6,ARI Arizona Diamondbacks,2012
79,83,.488,19,45-36,34-47,651,674,-23,L1,4-6,PIT Pittsburgh Pirates,2012
76,86,.469,22,42-39,34-47,651,710,-59,W1,4-6,SD San Diego Padres,2012
75,87,.463,23,40-41,35-46,619,651,-32,W2,3-7,SEA Seattle Mariners,2012
74,88,.457,24,36-45,38-43,650,709,-59,W1,5-5,NYM New York Mets,2012
73,89,.451,25,41-40,32-49,716,784,-68,W3,7-3,TOR Toronto Blue Jays,2012
72,90,.444,26,37-44,35-46,676,746,-70,L1,2-8,KC Kansas City Royals,2012
69,93,.426,29,34-47,35-46,734,806,-72,L8,1-9,BOS Boston Red Sox,2012
69,93,.426,29,38-43,31-50,609,724,-115,L1,3-7,MIA Miami Marlins,2012
68,94,.420,30,37-44,31-50,667,845,-178,L1,6-4,CLE Cleveland Indians,2012
66,96,.407,32,31-50,35-46,701,832,-131,L5,3-7,MIN Minnesota Twins,2012
64,98,.395,34,35-46,29-52,758,890,-132,W1,6-4,COL Colorado Rockies,2012
61,101,.377,37,38-43,23-58,613,759,-146,W1,2-8,CHC Chicago Cubs,2012
55,107,.340,43,35-46,20-61,583,794,-211,L1,5-5,HOU Houston Astros,2012
97,65,.599,-,53-28,44-37,853,656,+197,L2,5-5,* -- BOS Boston Red Sox,2013
97,65,.599,-,54-27,43-38,783,596,+187,W6,8-2,* -- STL St. Louis Cardinals,2013
96,66,.593,1,52-29,44-37,767,625,+142,W1,7-3,x -- OAK Oakland Athletics,2013
96,66,.593,1,56-25,40-41,688,548,+140,W1,6-4,x -- ATL Atlanta Braves,2013
94,68,.580,3,50-31,44-37,634,577,+57,W3,7-3,y -- PIT Pittsburgh Pirates,2013
93,69,.574,4,51-30,42-39,796,624,+172,L3,5-5,x -- DET Detroit Tigers,2013
92,70,.568,5,47-34,45-36,649,582,+67,L2,5-5,x -- LAD Los Angeles Dodgers,2013
92,70,.568,5,51-30,41-40,745,662,+83,W10,10-0,y -- CLE Cleveland Indians,2013
92,71,.564,5.5,51-30,41-41,700,646,+54,W2,8-2,y -- TB Tampa Bay Rays,2013
91,72,.558,6.5,46-36,45-36,730,636,+94,L1,8-2,TEX Texas Rangers,2013
90,72,.556,7,49-31,41-41,698,589,+109,L5,4-6,y -- CIN Cincinnati Reds,2013
86,76,.531,11,47-34,39-42,656,626,+30,L1,5-5,WSH Washington Nationals,2013
86,76,.531,11,44-37,42-39,648,601,+47,W1,6-4,KC Kansas City Royals,2013
85,77,.525,12,46-35,39-42,650,671,-21,W3,5-5,NYY New York Yankees,2013
85,77,.525,12,46-35,39-42,745,709,+36,W2,4-6,BAL Baltimore Orioles,2013
81,81,.500,16,45-36,36-45,685,695,-10,W1,4-6,ARI Arizona Diamondbacks,2013
78,84,.481,19,39-42,39-42,733,737,-4,L4,4-6,LAA Los Angeles Angels,2013
76,86,.469,21,42-40,34-46,629,691,-62,W1,6-4,SF San Francisco Giants,2013
76,86,.469,21,45-36,31-50,618,700,-82,L1,5-5,SD San Diego Padres,2013
74,88,.457,23,45-36,29-52,706,760,-54,W2,5-5,COL Colorado Rockies,2013
74,88,.457,23,37-44,37-44,640,687,-47,L1,6-4,MIL Milwaukee Brewers,2013
74,88,.457,23,40-41,34-47,712,756,-44,L1,4-6,TOR Toronto Blue Jays,2013
74,88,.457,23,33-48,41-40,619,684,-65,W1,6-4,NYM New York Mets,2013
73,89,.451,24,43-38,30-51,610,749,-139,L1,2-8,PHI Philadelphia Phillies,2013
71,91,.438,26,36-45,35-46,624,754,-130,L1,4-6,SEA Seattle Mariners,2013
66,96,.407,31,32-49,34-47,614,788,-174,L6,1-9,MIN Minnesota Twins,2013
66,96,.407,31,31-50,35-46,602,689,-87,L3,3-7,CHC Chicago Cubs,2013
63,99,.389,34,37-44,26-55,598,723,-125,L1,3-7,CHW Chicago White Sox,2013
62,100,.383,35,36-45,26-55,513,646,-133,W4,6-4,MIA Miami Marlins,2013
51,111,.315,46,24-57,27-54,610,848,-238,L15,0-10,HOU Houston Astros,2013
98,64,.605,-,52-29,46-35,773,630,+143,L3,3-7,* -- LAA Los Angeles Angels,2014
96,66,.593,2,51-30,45-36,686,555,+131,W2,8-2,* -- WSH Washington Nationals,2014
96,66,.593,2,50-31,46-35,705,593,+112,W1,4-6,x -- BAL Baltimore Orioles,2014
94,68,.580,4,45-36,49-32,718,617,+101,W5,8-2,x -- LAD Los Angeles Dodgers,2014
90,72,.556,8,45-36,45-36,757,705,+52,W1,6-4,x -- DET Detroit Tigers,2014
90,72,.556,8,51-30,39-42,619,603,+16,W1,6-4,x -- STL St. Louis Cardinals,2014
89,73,.549,9,42-39,47-34,651,624,+27,W1,6-4,y -- KC Kansas City Royals,2014
88,74,.543,10,51-30,37-44,682,631,+51,L2,6-4,y -- PIT Pittsburgh Pirates,2014
88,74,.543,10,48-33,40-41,729,572,+157,W1,5-5,y -- OAK Oakland Athletics,2014
88,74,.543,10,45-36,43-38,665,614,+51,W2,4-6,y -- SF San Francisco Giants,2014
87,75,.537,11,41-40,46-35,634,554,+80,W4,5-5,SEA Seattle Mariners,2014
85,77,.525,13,48-33,37-44,669,653,+16,W1,6-4,CLE Cleveland Indians,2014
84,78,.519,14,43-38,41-40,633,664,-31,W1,6-4,NYY New York Yankees,2014
83,79,.512,15,46-35,37-44,723,686,+37,L1,6-4,TOR Toronto Blue Jays,2014
82,80,.506,16,42-39,40-41,650,657,-7,L1,3-7,MIL Milwaukee Brewers,2014
79,83,.488,19,40-41,39-42,629,618,+11,W2,6-4,NYM New York Mets,2014
79,83,.488,19,42-39,37-44,573,597,-24,W2,3-7,ATL Atlanta Braves,2014
77,85,.475,21,48-33,29-52,535,577,-42,L2,6-4,SD San Diego Padres,2014
77,85,.475,21,42-39,35-46,645,674,-29,L2,3-7,MIA Miami Marlins,2014
77,85,.475,21,36-45,41-40,612,625,-13,L1,3-7,TB Tampa Bay Rays,2014
76,86,.469,22,44-37,32-49,595,612,-17,W2,5-5,CIN Cincinnati Reds,2014
73,89,.451,25,40-41,33-48,660,758,-98,L1,4-6,CHW Chicago White Sox,2014
73,89,.451,25,37-44,36-45,619,687,-68,L2,3-7,PHI Philadelphia Phillies,2014
73,89,.451,25,41-40,32-49,614,707,-93,W1,5-5,CHC Chicago Cubs,2014
71,91,.438,27,34-47,37-44,634,715,-81,L1,5-5,BOS Boston Red Sox,2014
70,92,.432,28,38-43,32-49,629,723,-94,L2,3-7,HOU Houston Astros,2014
70,92,.432,28,35-46,35-46,715,777,-62,L1,5-5,MIN Minnesota Twins,2014
67,95,.414,31,33-48,34-47,637,773,-136,L1,7-3,TEX Texas Rangers,2014
66,96,.407,32,45-36,21-60,755,818,-63,L4,5-5,COL Colorado Rockies,2014
64,98,.395,34,33-48,31-50,615,742,-127,L1,2-8,ARI Arizona Diamondbacks,2014
100,62,.617,-,55-26,45-36,647,525,+122,L3,4-6,* -- STL St. Louis Cardinals,2015
98,64,.605,2,53-28,45-36,697,596,+101,W1,6-4,y -- PIT Pittsburgh Pirates,2015
97,65,.599,3,49-32,48-33,689,608,+81,W8,8-2,y -- CHC Chicago Cubs,2015
95,67,.586,5,51-30,44-37,724,641,+83,W5,6-4,* -- KC Kansas City Royals,2015
93,69,.574,7,53-28,40-41,891,670,+221,L2,6-4,x -- TOR Toronto Blue Jays,2015
92,70,.568,8,55-26,37-44,667,595,+72,W4,5-5,x -- LAD Los Angeles Dodgers,2015
90,72,.556,10,49-32,41-40,683,613,+70,W1,5-5,x -- NYM New York Mets,2015
88,74,.543,12,43-38,45-36,751,733,+18,W1,5-5,x -- TEX Texas Rangers,2015
87,75,.537,13,45-36,42-39,764,698,+66,L3,3-7,y -- NYY New York Yankees,2015
86,76,.531,14,53-28,33-48,729,618,+111,L1,6-4,y -- HOU Houston Astros,2015
85,77,.525,15,49-32,36-45,661,675,-14,L1,7-3,LAA Los Angeles Angels,2015
84,78,.519,16,47-34,37-44,696,627,+69,L1,5-5,SF San Francisco Giants,2015
83,79,.512,17,46-35,37-44,696,700,-4,L3,5-5,MIN Minnesota Twins,2015
83,79,.512,17,46-35,37-44,703,635,+68,L1,5-5,WSH Washington Nationals,2015
81,80,.503,18.5,39-41,42-39,669,640,+29,W3,6-4,CLE Cleveland Indians,2015
81,81,.500,19,47-31,34-50,713,693,+20,W5,5-5,BAL Baltimore Orioles,2015
80,82,.494,20,42-42,38-40,644,642,+2,W2,6-4,TB Tampa Bay Rays,2015
79,83,.488,21,39-42,40-41,720,713,+7,W1,6-4,ARI Arizona Diamondbacks,2015
78,84,.481,22,43-38,35-46,748,753,-5,L4,6-4,BOS Boston Red Sox,2015
76,86,.469,24,40-41,36-45,622,701,-79,L1,4-6,CHW Chicago White Sox,2015
76,86,.469,24,36-45,40-41,656,726,-70,W1,2-8,SEA Seattle Mariners,2015
74,87,.460,25.5,38-43,36-44,689,803,-114,W1,4-6,DET Detroit Tigers,2015
74,88,.457,26,39-42,35-46,650,731,-81,L3,3-7,SD San Diego Padres,2015
71,91,.438,29,41-40,30-51,613,678,-65,L1,6-4,MIA Miami Marlins,2015
68,94,.420,32,36-45,32-49,737,844,-107,W1,5-5,COL Colorado Rockies,2015
68,94,.420,32,34-47,34-47,655,737,-82,L4,4-6,MIL Milwaukee Brewers,2015
68,94,.420,32,34-47,34-47,694,729,-35,L1,4-6,OAK Oakland Athletics,2015
67,95,.414,33,42-39,25-56,573,760,-187,W3,6-4,ATL Atlanta Braves,2015
64,98,.395,36,34-47,30-51,640,754,-114,L1,1-9,CIN Cincinnati Reds,2015
63,99,.389,37,37-44,26-55,626,809,-183,W1,6-4,PHI Philadelphia Phillies,2015
103,58,.640,-,57-24,46-34,808,556,+252,W1,6-3,* -- CHC Chicago Cubs,2016
95,67,.586,8.5,53-28,42-39,765,757,+8,L2,5-5,* -- TEX Texas Rangers,2016
95,67,.586,8.5,50-31,45-36,763,612,+151,W2,6-4,x -- WSH Washington Nationals,2016
94,67,.584,9,53-28,41-39,777,676,+101,W3,6-4,x -- CLE Cleveland Indians,2016
93,69,.574,10.5,47-34,46-35,878,694,+184,L2,5-5,x -- BOS Boston Red Sox,2016
91,71,.562,12.5,53-28,38-43,725,638,+87,L3,5-5,x -- LAD Los Angeles Dodgers,2016
89,73,.549,14.5,50-31,39-42,744,715,+29,W1,7-3,y -- BAL Baltimore Orioles,2016
89,73,.549,14.5,46-35,43-38,759,666,+93,W2,6-4,y -- TOR Toronto Blue Jays,2016
87,75,.537,16.5,44-37,43-38,671,617,+54,L1,7-3,y -- NYM New York Mets,2016
87,75,.537,16.5,45-36,42-39,715,631,+84,W4,7-3,y -- SF San Francisco Giants,2016
86,75,.534,17,45-35,41-40,750,721,+29,L2,5-5,DET Detroit Tigers,2016
86,76,.531,17.5,38-43,48-33,779,712,+67,W4,6-4,STL St. Louis Cardinals,2016
86,76,.531,17.5,44-37,42-39,768,707,+61,L2,6-4,SEA Seattle Mariners,2016
84,78,.519,19.5,48-33,36-45,680,702,-22,L1,5-5,NYY New York Yankees,2016
84,78,.519,19.5,43-38,41-40,724,701,+23,L1,3-7,HOU Houston Astros,2016
81,81,.500,22.5,47-34,34-47,675,712,-37,L4,4-6,KC Kansas City Royals,2016
79,82,.491,24,40-40,39-42,655,682,-27,L2,3-7,MIA Miami Marlins,2016
78,83,.484,25,38-42,40-41,729,758,-29,L3,2-7,PIT Pittsburgh Pirates,2016
78,84,.481,25.5,45-36,33-48,686,715,-29,L2,6-4,CHW Chicago White Sox,2016
75,87,.463,28.5,42-39,33-48,845,860,-15,L2,2-8,COL Colorado Rockies,2016
74,88,.457,29.5,40-41,34-47,717,727,-10,W1,8-2,LAA Los Angeles Angels,2016
73,89,.451,30.5,41-40,32-49,671,733,-62,W2,5-5,MIL Milwaukee Brewers,2016
71,91,.438,32.5,37-44,34-47,610,796,-186,W1,2-8,PHI Philadelphia Phillies,2016
69,93,.426,34.5,33-48,36-45,752,890,-138,W3,5-5,ARI Arizona Diamondbacks,2016
69,93,.426,34.5,34-47,35-46,653,761,-108,W2,3-7,OAK Oakland Athletics,2016
68,93,.422,35,31-50,37-43,649,779,-130,W2,8-2,ATL Atlanta Braves,2016
68,94,.420,35.5,39-42,29-52,686,770,-84,L4,4-6,SD San Diego Padres,2016
68,94,.420,35.5,36-45,32-49,672,713,-41,W2,3-7,TB Tampa Bay Rays,2016
68,94,.420,35.5,38-43,30-51,716,854,-138,L1,5-5,CIN Cincinnati Reds,2016
59,103,.364,44.5,30-51,29-52,722,889,-167,W2,4-6,MIN Minnesota Twins,2016
104,58,.642,-,57-24,47-34,770,580,+190,W2,8-2,* -- LAD Los Angeles Dodgers,2017
102,60,.630,2,49-32,53-28,818,564,+254,W1,7-3,* -- CLE Cleveland Indians,2017
101,61,.623,3,48-33,53-28,896,700,+196,W1,8-2,x -- HOU Houston Astros,2017
97,65,.599,7,47-34,50-31,819,672,+147,L2,5-5,x -- WSH Washington Nationals,2017
93,69,.574,11,48-33,45-36,785,668,+117,L1,5-5,x -- BOS Boston Red Sox,2017
93,69,.574,11,52-29,41-40,812,659,+153,W1,6-4,y -- ARI Arizona Diamondbacks,2017
92,70,.568,12,48-33,44-37,822,695,+127,L1,7-3,x -- CHC Chicago Cubs,2017
91,71,.562,13,51-30,40-41,858,660,+198,L1,6-4,y -- NYY New York Yankees,2017
87,75,.537,17,46-35,41-40,824,757,+67,L2,5-5,y -- COL Colorado Rockies,2017
86,76,.531,18,44-37,42-39,732,697,+35,W1,5-5,MIL Milwaukee Brewers,2017
85,77,.525,19,41-40,44-37,815,788,+27,W1,7-3,y -- MIN Minnesota Twins,2017
83,79,.512,21,44-37,39-42,761,705,+56,L1,3-7,STL St. Louis Cardinals,2017
80,82,.494,24,43-38,37-44,702,791,-89,L1,5-5,KC Kansas City Royals,2017
80,82,.494,24,42-39,38-43,694,704,-10,W4,6-4,TB Tampa Bay Rays,2017
80,82,.494,24,43-38,37-44,710,709,+1,W1,4-6,LAA Los Angeles Angels,2017
78,84,.481,26,40-41,38-43,750,772,-22,L1,4-6,SEA Seattle Mariners,2017
78,84,.481,26,41-40,37-44,799,816,-17,L1,2-8,TEX Texas Rangers,2017
77,85,.475,27,43-38,34-47,778,822,-44,L1,5-5,MIA Miami Marlins,2017
76,86,.469,28,42-39,34-47,693,784,-91,W1,5-5,TOR Toronto Blue Jays,2017
75,87,.463,29,44-37,31-50,668,731,-63,W2,7-3,PIT Pittsburgh Pirates,2017
75,87,.463,29,46-35,29-52,743,841,-98,L5,2-8,BAL Baltimore Orioles,2017
75,87,.463,29,46-35,29-52,739,826,-87,W1,6-4,OAK Oakland Athletics,2017
72,90,.444,32,37-44,35-46,732,821,-89,W1,3-7,ATL Atlanta Braves,2017
71,91,.438,33,43-38,28-53,604,816,-212,L1,3-7,SD San Diego Padres,2017
70,92,.432,34,37-44,33-48,735,863,-128,L1,5-5,NYM New York Mets,2017
68,94,.420,36,39-42,29-52,753,869,-116,W1,2-8,CIN Cincinnati Reds,2017
67,95,.414,37,39-42,28-53,706,820,-114,L1,6-4,CHW Chicago White Sox,2017
66,96,.407,38,39-42,27-54,690,782,-92,W1,5-5,PHI Philadelphia Phillies,2017
64,98,.395,40,34-47,30-51,735,894,-159,L1,2-8,DET Detroit Tigers,2017
64,98,.395,40,38-43,26-55,639,776,-137,W1,5-5,SF San Francisco Giants,2017
108,54,.667,-,57-24,51-30,876,647,+229,W1,5-5,* -- BOS Boston Red Sox,2018
103,59,.636,5,46-35,57-24,797,534,+263,L1,8-2,x -- HOU Houston Astros,2018
100,62,.617,8,53-28,47-34,851,669,+182,L1,7-3,y -- NYY New York Yankees,2018
97,65,.599,11,50-31,47-34,813,674,+139,L1,6-4,y -- OAK Oakland Athletics,2018
96,67,.589,12.5,51-30,45-37,754,659,+95,W8,9-1,* -- MIL Milwaukee Brewers,2018
95,68,.583,13.5,51-31,44-37,761,645,+116,L1,6-4,y -- CHC Chicago Cubs,2018
92,71,.564,16.5,45-37,47-34,804,610,+194,W4,7-3,x -- LAD Los Angeles Dodgers,2018
91,71,.562,17,49-32,42-39,818,648,+170,W1,6-4,x -- CLE Cleveland Indians,2018
91,72,.558,17.5,47-34,44-38,780,745,+35,L1,8-2,y -- COL Colorado Rockies,2018
90,72,.556,18,43-38,47-34,759,657,+102,L2,6-4,x -- ATL Atlanta Braves,2018
90,72,.556,18,51-30,39-42,716,646,+70,W2,5-5,TB Tampa Bay Rays,2018
89,73,.549,19,45-36,44-37,677,711,-34,W3,5-5,SEA Seattle Mariners,2018
88,74,.543,20,43-38,45-36,759,691,+68,L1,4-6,STL St. Louis Cardinals,2018
82,79,.509,25.5,44-36,38-43,692,693,-1,W1,5-5,PIT Pittsburgh Pirates,2018
82,80,.506,26,41-40,41-40,771,682,+89,L1,5-5,WSH Washington Nationals,2018
82,80,.506,26,40-41,42-39,693,644,+49,L1,4-6,ARI Arizona Diamondbacks,2018
80,82,.494,28,42-39,38-43,721,722,-1,W1,5-5,LAA Los Angeles Angels,2018
80,82,.494,28,49-32,31-50,677,728,-51,W2,2-8,PHI Philadelphia Phillies,2018
78,84,.481,30,49-32,29-52,738,775,-37,W6,7-3,MIN Minnesota Twins,2018
77,85,.475,31,37-44,40-41,676,707,-31,W2,7-3,NYM New York Mets,2018
73,89,.451,35,40-41,33-48,709,832,-123,L2,4-6,TOR Toronto Blue Jays,2018
73,89,.451,35,42-39,31-50,603,699,-96,L4,1-9,SF San Francisco Giants,2018
67,95,.414,41,34-47,33-48,737,848,-111,L3,3-7,TEX Texas Rangers,2018
67,95,.414,41,37-44,30-51,696,819,-123,L1,2-8,CIN Cincinnati Reds,2018
66,96,.407,42,31-50,35-46,617,767,-150,W1,6-4,SD San Diego Padres,2018
64,98,.395,44,38-43,26-55,630,796,-166,L5,3-7,DET Detroit Tigers,2018
63,98,.391,44.5,38-43,25-55,589,809,-220,L2,4-6,MIA Miami Marlins,2018
62,100,.383,46,30-51,32-49,656,848,-192,L5,2-8,CHW Chicago White Sox,2018
58,104,.358,50,32-49,26-55,638,833,-195,L1,6-4,KC Kansas City Royals,2018
47,115,.290,61,28-53,19-62,622,892,-270,W1,3-7,BAL Baltimore Orioles,2018
107,55,.660,-,60-21,47-34,920,640,+280,W3,8-2,* -- HOU Houston Astros,2019
106,56,.654,1,59-22,47-34,886,613,+273,W7,8-2,* -- LAD Los Angeles Dodgers,2019
103,59,.636,4,57-24,46-35,943,739,+204,L2,4-6,x -- NYY New York Yankees,2019
101,61,.623,6,46-35,55-26,939,754,+185,L1,8-2,x -- MIN Minnesota Twins,2019
97,65,.599,10,50-31,47-34,855,743,+112,L3,4-6,x -- ATL Atlanta Braves,2019
97,65,.599,10,52-29,45-36,845,680,+165,L1,6-4,y -- OAK Oakland Athletics,2019
96,66,.593,11,48-33,48-33,769,656,+113,L2,7-3,y -- TB Tampa Bay Rays,2019
93,69,.574,14,50-31,43-38,873,724,+149,W8,9-1,y -- WSH Washington Nationals,2019
93,69,.574,14,49-32,44-37,769,657,+112,L5,4-6,CLE Cleveland Indians,2019
91,71,.562,16,50-31,41-40,764,662,+102,W1,6-4,x -- STL St. Louis Cardinals,2019
89,73,.549,18,49-32,40-41,769,766,+3,L3,7-3,y -- MIL Milwaukee Brewers,2019
86,76,.531,21,48-33,38-43,791,737,+54,W3,7-3,NYM New York Mets,2019
85,77,.525,22,44-37,41-40,813,743,+70,W5,8-2,ARI Arizona Diamondbacks,2019
84,78,.519,23,38-43,46-35,901,828,+73,W1,4-6,BOS Boston Red Sox,2019
84,78,.519,23,51-30,33-48,814,717,+97,L1,2-8,CHC Chicago Cubs,2019
81,81,.500,26,45-36,36-45,774,794,-20,L1,3-7,PHI Philadelphia Phillies,2019
78,84,.481,29,45-36,33-48,810,878,-68,W2,4-6,TEX Texas Rangers,2019
77,85,.475,30,35-46,42-39,678,773,-95,L3,3-7,SF San Francisco Giants,2019
75,87,.463,32,41-40,34-47,701,711,-10,W2,4-6,CIN Cincinnati Reds,2019
72,89,.447,34.5,39-41,33-48,708,832,-124,W1,7-3,CHW Chicago White Sox,2019
72,90,.444,35,38-43,34-47,769,868,-99,L3,3-7,LAA Los Angeles Angels,2019
71,91,.438,36,43-38,28-53,835,958,-123,W3,5-5,COL Colorado Rockies,2019
70,92,.432,37,36-45,34-47,682,789,-107,L6,1-9,SD San Diego Padres,2019
69,93,.426,38,35-46,34-47,758,911,-153,L2,4-6,PIT Pittsburgh Pirates,2019
68,94,.420,39,35-46,33-48,758,893,-135,W1,4-6,SEA Seattle Mariners,2019
67,95,.414,40,35-46,32-49,726,828,-102,W2,6-4,TOR Toronto Blue Jays,2019
59,103,.364,48,31-50,28-53,691,869,-178,W1,3-7,KC Kansas City Royals,2019
57,105,.352,50,30-51,27-54,615,808,-193,W1,4-6,MIA Miami Marlins,2019
54,108,.333,53,25-56,29-52,729,981,-252,L1,5-5,BAL Baltimore Orioles,2019
47,114,.292,59.5,22-59,25-55,582,915,-333,L1,2-8,DET Detroit Tigers,2019
43,17,.717,-,21-9,22-8,349,213,+136,W4,8-2,* -- LAD Los Angeles Dodgers,2020
40,20,.667,3,20-9,20-11,289,229,+60,W4,8-2,* -- TB Tampa Bay Rays,2020
37,23,.617,6,21-11,16-12,325,241,+84,W3,5-5,z -- SD San Diego Padres,2020
36,24,.600,7,24-7,12-17,269,215,+54,L1,6-4,x -- MIN Minnesota Twins,2020
36,24,.600,7,22-10,14-14,274,232,+42,W1,5-5,x -- OAK Oakland Athletics,2020
35,25,.583,8,19-11,16-14,348,288,+60,L2,6-4,x -- ATL Atlanta Braves,2020
35,25,.583,8,18-12,17-13,306,246,+60,L1,2-8,z -- CHW Chicago White Sox,2020
35,25,.583,8,18-12,17-13,248,209,+39,W1,8-2,z -- CLE Cleveland Indians,2020
34,26,.567,9,19-14,15-12,265,240,+25,W1,4-6,x -- CHC Chicago Cubs,2020
33,27,.550,10,22-9,11-18,315,270,+45,L1,4-6,z -- NYY New York Yankees,2020
32,28,.533,11,17-9,15-19,302,312,-10,L1,6-4,z -- TOR Toronto Blue Jays,2020
30,28,.517,12,14-13,16-15,240,229,+11,W1,6-4,z -- STL St. Louis Cardinals,2020
31,29,.517,12,16-13,15-16,238,240,-2,L1,7-3,z -- CIN Cincinnati Reds,2020
31,29,.517,12,11-15,20-14,263,304,-41,W1,5-5,z -- MIA Miami Marlins,2020
29,31,.483,14,15-14,14-17,247,264,-17,L1,5-5,z -- MIL Milwaukee Brewers,2020
29,31,.483,14,20-8,9-23,279,275,+4,L3,4-6,z -- HOU Houston Astros,2020
29,31,.483,14,19-14,10-17,299,297,+2,L3,4-6,SF San Francisco Giants,2020
28,32,.467,15,19-13,9-19,306,311,-5,L3,3-7,PHI Philadelphia Phillies,2020
27,33,.450,16,14-10,13-23,254,303,-49,L1,5-5,SEA Seattle Mariners,2020
26,34,.433,17,15-15,11-19,248,272,-24,W1,5-5,KC Kansas City Royals,2020
26,34,.433,17,16-15,10-19,294,321,-27,L3,6-4,LAA Los Angeles Angels,2020
26,34,.433,17,12-18,14-16,275,353,-78,L1,4-6,COL Colorado Rockies,2020
26,34,.433,17,12-17,14-17,286,308,-22,L3,3-7,NYM New York Mets,2020
26,34,.433,17,15-18,11-16,293,301,-8,W3,7-3,WSH Washington Nationals,2020
25,35,.417,18,13-20,12-15,274,294,-20,W1,3-7,BAL Baltimore Orioles,2020
25,35,.417,18,16-14,9-21,269,295,-26,W1,6-4,ARI Arizona Diamondbacks,2020
24,36,.400,19,11-20,13-16,292,351,-59,W2,6-4,BOS Boston Red Sox,2020
23,35,.397,19,12-15,11-20,249,318,-69,L1,2-8,DET Detroit Tigers,2020
22,38,.367,21,16-14,6-24,224,312,-88,W3,4-6,TEX Texas Rangers,2020
19,41,.317,24,13-19,6-22,219,298,-79,L1,4-6,PIT Pittsburgh Pirates,2020
107,55,.660,-,54-27,53-28,804,594,+210,W1,8-2,* -- SF San Francisco Giants,2021
106,56,.654,1,58-23,48-33,830,561,+269,W7,9-1,y -- LAD Los Angeles Dodgers,2021
100,62,.617,7,52-29,48-33,857,651,+206,L1,7-3,* -- TB Tampa Bay Rays,2021
95,67,.586,12,45-36,50-31,738,623,+115,L4,4-6,x -- MIL Milwaukee Brewers,2021
95,67,.586,12,51-30,44-37,863,658,+205,W2,4-6,x -- HOU Houston Astros,2021
93,69,.574,14,53-28,40-41,796,636,+160,L1,7-3,x -- CHW Chicago White Sox,2021
92,70,.568,15,49-32,43-38,829,749,+80,W3,5-5,y -- BOS Boston Red Sox,2021
92,70,.568,15,46-35,46-35,711,669,+42,W1,7-3,y -- NYY New York Yankees,2021
91,71,.562,16,47-33,44-38,846,663,+183,W3,6-4,e -- TOR Toronto Blue Jays,2021
90,72,.556,17,45-36,45-36,706,672,+34,L2,7-3,y -- STL St. Louis Cardinals,2021
90,72,.556,17,46-35,44-37,697,748,-51,L1,7-3,e -- SEA Seattle Mariners,2021
88,73,.547,18.5,42-38,46-35,790,656,+134,W2,8-2,x -- ATL Atlanta Braves,2021
86,76,.531,21,43-38,43-38,743,687,+56,L2,4-6,e -- OAK Oakland Athletics,2021
83,79,.512,24,44-37,39-42,786,760,+26,W1,5-5,e -- CIN Cincinnati Reds,2021
82,80,.506,25,47-34,35-46,734,745,-11,L2,4-6,e -- PHI Philadelphia Phillies,2021
80,82,.494,27,40-41,40-41,717,727,-10,W1,5-5,e -- CLE Cleveland Indians,2021
79,83,.488,28,45-36,34-47,729,708,+21,L1,2-8,e -- SD San Diego Padres,2021
77,85,.475,30,47-34,30-51,636,668,-32,L2,4-6,e -- NYM New York Mets,2021
77,85,.475,30,40-42,37-43,723,804,-81,W1,5-5,e -- LAA Los Angeles Angels,2021
77,85,.475,30,42-39,35-46,697,756,-59,W1,3-7,e -- DET Detroit Tigers,2021
74,87,.460,32.5,48-33,26-54,739,796,-57,L2,3-7,e -- COL Colorado Rockies,2021
74,88,.457,33,39-42,35-46,686,788,-102,L2,5-5,e -- KC Kansas City Royals,2021
73,89,.451,34,38-43,35-46,729,834,-105,W2,6-4,e -- MIN Minnesota Twins,2021
71,91,.438,36,39-42,32-49,705,839,-134,W2,4-6,e -- CHC Chicago Cubs,2021
67,95,.414,40,42-39,25-56,623,701,-78,W2,3-7,e -- MIA Miami Marlins,2021
65,97,.401,42,35-46,30-51,724,820,-96,L5,2-8,e -- WSH Washington Nationals,2021
61,101,.377,46,37-44,24-57,609,833,-224,L1,4-6,e -- PIT Pittsburgh Pirates,2021
60,102,.370,47,36-45,24-57,625,815,-190,L1,5-5,e -- TEX Texas Rangers,2021
52,110,.321,55,27-54,25-56,659,956,-297,L3,4-6,e -- BAL Baltimore Orioles,2021
52,110,.321,55,32-49,20-61,679,893,-214,W2,4-6,e -- ARI Arizona Diamondbacks,2021
111,51,.685,-,57-24,54-27,847,513,+334,W1,6-4,* -- LAD Los Angeles Dodgers,2022
106,56,.654,5,55-26,51-30,737,518,+219,W2,7-3,* -- HOU Houston Astros,2022
101,61,.623,10,55-26,46-35,789,609,+180,L1,7-3,x -- ATL Atlanta Braves,2022
101,61,.623,10,54-27,47-34,772,606,+166,W3,5-5,y -- NYM New York Mets,2022
99,63,.611,12,57-24,42-39,807,567,+240,L2,5-5,x -- NYY New York Yankees,2022
93,69,.574,18,53-28,40-41,772,637,+135,L1,4-6,x -- STL St. Louis Cardinals,2022
92,70,.568,19,46-35,46-35,698,634,+64,W2,7-3,x -- CLE Cleveland Guardians,2022
92,70,.568,19,47-34,45-36,775,679,+96,W1,7-3,y -- TOR Toronto Blue Jays,2022
90,72,.556,21,46-35,44-37,690,623,+67,W3,7-3,y -- SEA Seattle Mariners,2022
89,73,.549,22,44-37,45-36,705,660,+45,L1,5-5,y -- SD San Diego Padres,2022
87,75,.537,24,47-34,40-41,747,685,+62,L2,4-6,y -- PHI Philadelphia Phillies,2022
86,76,.531,25,51-30,35-46,666,614,+52,L5,2-8,y -- TB Tampa Bay Rays,2022
86,76,.531,25,46-35,40-41,725,688,+37,L1,4-6,e -- MIL Milwaukee Brewers,2022
83,79,.512,28,45-36,38-43,674,688,-14,L1,4-6,e -- BAL Baltimore Orioles,2022
81,81,.500,30,37-44,44-37,686,717,-31,L1,5-5,e -- CHW Chicago White Sox,2022
81,81,.500,30,44-37,37-44,716,697,+19,W1,7-3,e -- SF San Francisco Giants,2022
78,84,.481,33,46-35,32-49,696,684,+12,W1,4-6,e -- MIN Minnesota Twins,2022
78,84,.481,33,43-38,35-46,735,787,-52,W3,6-4,e -- BOS Boston Red Sox,2022
74,88,.457,37,40-41,34-47,702,740,-38,W1,4-6,e -- ARI Arizona Diamondbacks,2022
74,88,.457,37,37-44,37-44,657,731,-74,W1,8-2,e -- CHC Chicago Cubs,2022
73,89,.451,38,40-41,33-48,623,668,-45,L3,7-3,e -- LAA Los Angeles Angels,2022
69,93,.426,42,34-47,35-46,586,676,-90,W1,6-4,e -- MIA Miami Marlins,2022
68,94,.420,43,34-47,34-47,707,743,-36,W2,3-7,e -- TEX Texas Rangers,2022
68,94,.420,43,41-40,27-54,698,873,-175,L1,3-7,e -- COL Colorado Rockies,2022
66,96,.407,45,36-46,30-50,557,713,-156,L3,6-4,e -- DET Detroit Tigers,2022
65,97,.401,46,39-42,26-55,640,810,-170,L2,3-7,e -- KC Kansas City Royals,2022
62,100,.383,49,34-47,28-53,591,817,-226,W1,6-4,e -- PIT Pittsburgh Pirates,2022
62,100,.383,49,33-48,29-52,648,815,-167,L1,3-7,e -- CIN Cincinnati Reds,2022
60,102,.370,51,29-51,31-51,568,770,-202,W4,4-6,e -- OAK Oakland Athletics,2022
55,107,.340,56,26-55,29-52,603,855,-252,L5,2-8,e -- WSH Washington Nationals,2022
