W,L,T,PCT,HOME,AWAY,DIV,CONF,PF,PA,DIFF,STRK,Team,Year
14,2,0,.875,8-0,6-2,5-1,11-1,348,238,+110,W12,* -- NE New England Patriots,2003
13,3,0,.813,8-0,5-3,5-1,10-2,484,332,+152,W1,z -- KC Kansas City Chiefs,2003
12,4,0,.750,5-3,7-1,5-1,9-3,447,336,+111,W1,z -- IND Indianapolis Colts,2003
12,4,0,.750,8-0,4-4,4-2,8-4,447,328,+119,L1,z -- STL St. Louis Rams,2003
12,4,0,.750,7-1,5-3,4-2,8-4,435,324,+111,W3,y -- TEN Tennessee Titans,2003
12,4,0,.750,5-3,7-1,5-1,9-3,374,287,+87,W1,* -- PHI Philadelphia Eagles,2003
11,5,0,.688,6-2,5-3,5-1,9-3,325,304,+21,W3,z -- CAR Carolina Panthers,2003
10,6,0,.625,7-1,3-5,4-2,7-5,391,281,+110,W2,z -- BAL Baltimore Ravens,2003
10,6,0,.625,5-3,5-3,4-2,7-5,442,307,+135,W4,z -- GB Green Bay Packers,2003
10,6,0,.625,6-2,4-4,5-1,9-3,381,301,+80,L1,y -- DEN Denver Broncos,2003
10,6,0,.625,6-2,4-4,5-1,8-4,289,260,+29,L1,y -- DAL Dallas Cowboys,2003
10,6,0,.625,8-0,2-6,5-1,8-4,404,327,+77,W2,y -- SEA Seattle Seahawks,2003
10,6,0,.625,4-4,6-2,4-2,7-5,311,261,+50,W2,MIA Miami Dolphins,2003
9,7,0,.563,6-2,3-5,4-2,7-5,416,353,+63,L1,MIN Minnesota Vikings,2003
8,8,0,.500,5-3,3-5,3-3,7-5,340,326,+14,W1,NO New Orleans Saints,2003
8,8,0,.500,5-3,3-5,3-3,6-6,346,384,-38,L2,CIN Cincinnati Bengals,2003
7,9,0,.438,3-5,4-4,2-4,6-6,301,264,+37,L2,TB Tampa Bay Buccaneers,2003
7,9,0,.438,6-2,1-7,2-4,6-6,384,337,+47,L1,SF San Francisco 49ers,2003
7,9,0,.438,6-2,1-7,2-4,4-8,283,346,-63,L1,CHI Chicago Bears,2003
6,10,0,.375,4-4,2-6,1-5,6-6,283,299,-16,L2,NYJ New York Jets,2003
6,10,0,.375,4-4,2-6,3-3,5-7,300,327,-27,L1,PIT Pittsburgh Steelers,2003
6,10,0,.375,4-4,2-6,2-4,4-8,243,279,-36,L3,BUF Buffalo Bills,2003
5,11,0,.313,2-6,3-5,2-4,4-8,299,422,-123,W2,ATL Atlanta Falcons,2003
5,11,0,.313,5-3,0-8,2-4,4-8,270,379,-109,W1,DET Detroit Lions,2003
5,11,0,.313,2-6,3-5,2-4,3-9,254,322,-68,W1,CLE Cleveland Browns,2003
5,11,0,.313,5-3,0-8,2-4,3-9,276,331,-55,L1,JAX Jacksonville Jaguars,2003
5,11,0,.313,3-5,2-6,1-5,3-9,255,380,-125,L4,HOU Houston Texans,2003
5,11,0,.313,3-5,2-6,1-5,3-9,287,372,-85,L3,WSH Washington Redskins,2003
4,12,0,.250,4-4,0-8,1-5,3-9,225,452,-227,W1,ARI Arizona Cardinals,2003
4,12,0,.250,1-7,3-5,1-5,3-9,243,387,-144,L8,NYG New York Giants,2003
4,12,0,.250,4-4,0-8,1-5,3-9,270,379,-109,L2,OAK Oakland Raiders,2003
4,12,0,.250,2-6,2-6,1-5,2-10,313,441,-128,W1,SD San Diego Chargers,2003
15,1,0,.938,8-0,7-1,5-1,11-1,372,251,+121,W14,* -- PIT Pittsburgh Steelers,2004
14,2,0,.875,8-0,6-2,5-1,10-2,437,260,+177,W2,* -- NE New England Patriots,2004
13,3,0,.813,7-1,6-2,6-0,11-1,386,260,+126,L2,* -- PHI Philadelphia Eagles,2004
12,4,0,.750,7-1,5-3,5-1,9-3,446,313,+133,W1,z -- SD San Diego Chargers,2004
12,4,0,.750,7-1,5-3,5-1,8-4,522,351,+171,L1,z -- IND Indianapolis Colts,2004
11,5,0,.688,7-1,4-4,4-2,8-4,340,337,+3,L2,* -- ATL Atlanta Falcons,2004
10,6,0,.625,4-4,6-2,5-1,9-3,424,380,+44,W2,z -- GB Green Bay Packers,2004
10,6,0,.625,6-2,4-4,3-3,7-5,381,304,+77,W2,x -- DEN Denver Broncos,2004
10,6,0,.625,6-2,4-4,3-3,7-5,333,261,+72,L2,x -- NYJ New York Jets,2004
9,7,0,.563,5-3,4-4,3-3,8-4,371,373,-2,W2,z -- SEA Seattle Seahawks,2004
9,7,0,.563,6-2,3-5,3-3,6-6,317,268,+49,W1,BAL Baltimore Ravens,2004
9,7,0,.563,4-4,5-3,2-4,6-6,261,280,-19,W1,JAX Jacksonville Jaguars,2004
9,7,0,.563,5-3,4-4,3-3,5-7,395,284,+111,L1,BUF Buffalo Bills,2004
8,8,0,.500,6-2,2-6,5-1,7-5,319,392,-73,W2,x -- STL St. Louis Rams,2004
8,8,0,.500,5-3,3-5,3-3,5-7,405,395,+10,L2,x -- MIN Minnesota Vikings,2004
8,8,0,.500,3-5,5-3,3-3,6-6,348,405,-57,W4,NO New Orleans Saints,2004
8,8,0,.500,5-3,3-5,2-4,4-8,374,372,+2,W2,CIN Cincinnati Bengals,2004
7,9,0,.438,3-5,4-4,4-2,6-6,309,339,-30,L1,HOU Houston Texans,2004
7,9,0,.438,3-5,4-4,3-3,6-6,355,339,+16,L1,CAR Carolina Panthers,2004
7,9,0,.438,4-4,3-5,3-3,6-6,483,435,+48,L1,KC Kansas City Chiefs,2004
6,10,0,.375,3-5,3-5,1-5,6-6,240,265,-25,W1,WSH Washington Redskins,2004
6,10,0,.375,3-5,3-5,3-3,5-7,303,347,-44,W1,NYG New York Giants,2004
6,10,0,.375,3-5,3-5,2-4,5-7,296,350,-54,L1,DET Detroit Lions,2004
6,10,0,.375,5-3,1-7,2-4,5-7,284,322,-38,W1,ARI Arizona Cardinals,2004
6,10,0,.375,4-4,2-6,2-4,5-7,293,405,-112,L1,DAL Dallas Cowboys,2004
5,11,0,.313,4-4,1-7,2-4,4-8,301,304,-3,L4,TB Tampa Bay Buccaneers,2004
5,11,0,.313,2-6,3-5,2-4,4-8,231,331,-100,L4,CHI Chicago Bears,2004
5,11,0,.313,2-6,3-5,1-5,3-9,344,439,-95,W1,TEN Tennessee Titans,2004
5,11,0,.313,3-5,2-6,1-5,3-9,320,442,-122,L2,OAK Oakland Raiders,2004
4,12,0,.250,3-5,1-7,2-4,3-9,276,390,-114,W1,CLE Cleveland Browns,2004
4,12,0,.250,3-5,1-7,1-5,2-10,275,354,-79,L1,MIA Miami Dolphins,2004
2,14,0,.125,1-7,1-7,2-4,2-10,259,452,-193,L3,SF San Francisco 49ers,2004
14,2,0,.875,7-1,7-1,6-0,11-1,439,247,+192,W1,* -- IND Indianapolis Colts,2005
13,3,0,.813,8-0,5-3,5-1,10-2,395,258,+137,W4,z -- DEN Denver Broncos,2005
13,3,0,.813,8-0,5-3,6-0,10-2,452,271,+181,L1,* -- SEA Seattle Seahawks,2005
12,4,0,.750,6-2,6-2,4-2,9-3,361,269,+92,W3,x -- JAX Jacksonville Jaguars,2005
11,5,0,.688,7-1,4-4,5-1,10-2,260,202,+58,L1,z -- CHI Chicago Bears,2005
11,5,0,.688,6-2,5-3,5-1,9-3,300,274,+26,W2,z -- TB Tampa Bay Buccaneers,2005
11,5,0,.688,7-1,4-4,4-2,8-4,422,314,+108,W1,z -- NYG New York Giants,2005
11,5,0,.688,5-3,6-2,5-1,7-5,421,350,+71,L2,z -- CIN Cincinnati Bengals,2005
11,5,0,.688,5-3,6-2,4-2,8-4,391,259,+132,W1,x -- CAR Carolina Panthers,2005
11,5,0,.688,5-3,6-2,4-2,7-5,389,258,+131,W4,x -- PIT Pittsburgh Steelers,2005
10,6,0,.625,5-3,5-3,5-1,7-5,379,338,+41,L1,z -- NE New England Patriots,2005
10,6,0,.625,6-2,4-4,5-1,10-2,359,293,+66,W5,x -- WSH Washington Redskins,2005
10,6,0,.625,7-1,3-5,4-2,9-3,403,325,+78,W2,KC Kansas City Chiefs,2005
9,7,0,.563,6-2,3-5,5-1,8-4,306,344,-38,W1,MIN Minnesota Vikings,2005
9,7,0,.563,5-3,4-4,3-3,7-5,318,317,+1,W6,MIA Miami Dolphins,2005
9,7,0,.563,5-3,4-4,3-3,7-5,325,308,+17,L1,DAL Dallas Cowboys,2005
9,7,0,.563,4-4,5-3,3-3,7-5,418,312,+106,L2,SD San Diego Chargers,2005
8,8,0,.500,4-4,4-4,2-4,5-7,351,341,+10,L3,ATL Atlanta Falcons,2005
6,10,0,.375,6-2,0-8,2-4,4-8,265,299,-34,L1,BAL Baltimore Ravens,2005
6,10,0,.375,4-4,2-6,1-5,4-8,232,301,-69,W1,CLE Cleveland Browns,2005
6,10,0,.375,3-5,3-5,1-5,3-9,363,429,-66,W1,STL St. Louis Rams,2005
6,10,0,.375,4-4,2-6,0-6,3-9,310,388,-78,L2,PHI Philadelphia Eagles,2005
5,11,0,.313,4-4,1-7,2-4,5-7,271,367,-96,L1,BUF Buffalo Bills,2005
5,11,0,.313,3-5,2-6,3-3,4-8,311,387,-76,L1,ARI Arizona Cardinals,2005
5,11,0,.313,3-5,2-6,1-5,3-9,254,345,-91,L1,DET Detroit Lions,2005
4,12,0,.250,3-5,1-7,1-5,4-8,298,344,-46,W1,GB Green Bay Packers,2005
4,12,0,.250,3-5,1-7,2-4,3-9,299,421,-122,L3,TEN Tennessee Titans,2005
4,12,0,.250,4-4,0-8,2-4,3-9,240,355,-115,W1,NYJ New York Jets,2005
4,12,0,.250,3-5,1-7,2-4,3-9,239,428,-189,W2,SF San Francisco 49ers,2005
4,12,0,.250,2-6,2-6,0-6,2-10,290,383,-93,L6,OAK Oakland Raiders,2005
3,13,0,.188,1-7,2-6,1-5,1-11,235,398,-163,L5,NO New Orleans Saints,2005
2,14,0,.125,2-6,0-8,0-6,1-11,260,431,-171,L2,HOU Houston Texans,2005
14,2,0,.875,8-0,6-2,5-1,10-2,492,303,+189,W10,* -- SD San Diego Chargers,2006
13,3,0,.813,7-1,6-2,5-1,10-2,353,201,+152,W4,z -- BAL Baltimore Ravens,2006
13,3,0,.813,6-2,7-1,5-1,11-1,427,255,+172,L1,* -- CHI Chicago Bears,2006
12,4,0,.750,8-0,4-4,3-3,9-3,427,360,+67,W1,z -- IND Indianapolis Colts,2006
12,4,0,.750,5-3,7-1,4-2,8-4,385,237,+148,W3,z -- NE New England Patriots,2006
10,6,0,.625,5-3,5-3,5-1,9-3,398,328,+70,W5,z -- PHI Philadelphia Eagles,2006
10,6,0,.625,4-4,6-2,4-2,9-3,413,322,+91,L1,z -- NO New Orleans Saints,2006
10,6,0,.625,4-4,6-2,4-2,7-5,316,295,+21,W3,x -- NYJ New York Jets,2006
9,7,0,.563,5-3,4-4,3-3,7-5,335,341,-6,W1,z -- SEA Seattle Seahawks,2006
9,7,0,.563,4-4,5-3,2-4,6-6,425,350,+75,L2,x -- DAL Dallas Cowboys,2006
9,7,0,.563,6-2,3-5,4-2,5-7,331,315,+16,W2,x -- KC Kansas City Chiefs,2006
9,7,0,.563,4-4,5-3,3-3,8-4,319,305,+14,L1,DEN Denver Broncos,2006
8,8,0,.500,3-5,5-3,4-2,7-5,355,362,-7,W1,x -- NYG New York Giants,2006
8,8,0,.500,3-5,5-3,5-1,7-5,301,366,-65,W4,GB Green Bay Packers,2006
8,8,0,.500,4-4,4-4,5-1,6-6,270,305,-35,W2,CAR Carolina Panthers,2006
8,8,0,.500,4-4,4-4,4-2,6-6,373,331,+42,L3,CIN Cincinnati Bengals,2006
8,8,0,.500,4-4,4-4,2-4,6-6,367,381,-14,W3,STL St. Louis Rams,2006
8,8,0,.500,4-4,4-4,4-2,5-7,324,400,-76,L1,TEN Tennessee Titans,2006
8,8,0,.500,5-3,3-5,3-3,5-7,353,315,+38,W1,PIT Pittsburgh Steelers,2006
8,8,0,.500,6-2,2-6,2-4,5-7,371,274,+97,L3,JAX Jacksonville Jaguars,2006
7,9,0,.438,4-4,3-5,3-3,5-7,298,412,-114,W1,SF San Francisco 49ers,2006
7,9,0,.438,3-5,4-4,3-3,5-7,292,328,-36,L3,ATL Atlanta Falcons,2006
7,9,0,.438,4-4,3-5,3-3,5-7,300,311,-11,L2,BUF Buffalo Bills,2006
6,10,0,.375,4-4,2-6,3-3,6-6,267,366,-99,W2,HOU Houston Texans,2006
6,10,0,.375,3-5,3-5,2-4,6-6,282,327,-45,L3,MIN Minnesota Vikings,2006
6,10,0,.375,4-4,2-6,1-5,3-9,260,283,-23,L3,MIA Miami Dolphins,2006
5,11,0,.313,3-5,2-6,4-2,5-7,314,389,-75,L1,ARI Arizona Cardinals,2006
5,11,0,.313,3-5,2-6,1-5,3-9,307,376,-69,L2,WSH Washington Redskins,2006
4,12,0,.250,2-6,2-6,0-6,3-9,238,356,-118,L4,CLE Cleveland Browns,2006
4,12,0,.250,3-5,1-7,0-6,2-10,211,353,-142,L1,TB Tampa Bay Buccaneers,2006
3,13,0,.188,2-6,1-7,0-6,2-10,305,398,-93,W1,DET Detroit Lions,2006
2,14,0,.125,2-6,0-8,0-6,1-11,168,332,-164,L9,OAK Oakland Raiders,2006
16,0,0,1.000,8-0,8-0,6-0,12-0,589,274,+315,W16,* -- NE New England Patriots,2007
13,3,0,.813,6-2,7-1,5-1,9-3,450,262,+188,L1,z -- IND Indianapolis Colts,2007
13,3,0,.813,7-1,6-2,4-2,9-3,435,291,+144,W1,z -- GB Green Bay Packers,2007
13,3,0,.813,6-2,7-1,4-2,10-2,455,325,+130,L1,* -- DAL Dallas Cowboys,2007
11,5,0,.688,7-1,4-4,5-1,9-3,412,284,+128,W6,z -- SD San Diego Chargers,2007
11,5,0,.688,6-2,5-3,2-4,8-4,411,304,+107,L1,y -- JAX Jacksonville Jaguars,2007
10,6,0,.625,7-1,3-5,5-1,8-4,393,291,+102,L1,z -- SEA Seattle Seahawks,2007
10,6,0,.625,7-1,3-5,5-1,7-5,393,269,+124,L1,z -- PIT Pittsburgh Steelers,2007
10,6,0,.625,5-3,5-3,4-2,7-5,301,297,+4,W3,y -- TEN Tennessee Titans,2007
10,6,0,.625,3-5,7-1,3-3,7-5,373,351,+22,L1,y -- NYG New York Giants,2007
10,6,0,.625,7-1,3-5,3-3,7-5,402,382,+20,W1,CLE Cleveland Browns,2007
9,7,0,.563,6-2,3-5,5-1,8-4,334,270,+64,L2,z -- TB Tampa Bay Buccaneers,2007
9,7,0,.563,5-3,4-4,3-3,7-5,334,310,+24,W4,y -- WSH Washington Redskins,2007
8,8,0,.500,5-3,3-5,3-3,6-6,365,311,+54,L2,MIN Minnesota Vikings,2007
8,8,0,.500,6-2,2-6,3-3,5-7,404,399,+5,W2,ARI Arizona Cardinals,2007
8,8,0,.500,3-5,5-3,2-4,5-7,336,300,+36,W3,PHI Philadelphia Eagles,2007
8,8,0,.500,6-2,2-6,1-5,5-7,379,384,-5,W1,HOU Houston Texans,2007
7,9,0,.438,2-6,5-3,3-3,7-5,267,347,-80,W1,CAR Carolina Panthers,2007
7,9,0,.438,4-4,3-5,4-2,6-6,252,354,-102,L3,BUF Buffalo Bills,2007
7,9,0,.438,5-3,2-6,3-3,6-6,380,385,-5,W2,CIN Cincinnati Bengals,2007
7,9,0,.438,5-3,2-6,3-3,6-6,320,409,-89,W1,DEN Denver Broncos,2007
7,9,0,.438,3-5,4-4,3-3,6-6,379,388,-9,L2,NO New Orleans Saints,2007
7,9,0,.438,5-3,2-6,3-3,4-8,346,444,-98,L1,DET Detroit Lions,2007
7,9,0,.438,4-4,3-5,2-4,4-8,334,348,-14,W2,CHI Chicago Bears,2007
5,11,0,.313,3-5,2-6,3-3,4-8,219,364,-145,L1,SF San Francisco 49ers,2007
5,11,0,.313,4-4,1-7,1-5,2-10,275,384,-109,W1,BAL Baltimore Ravens,2007
4,12,0,.250,3-5,1-7,2-4,4-8,268,355,-87,W1,NYJ New York Jets,2007
4,12,0,.250,2-6,2-6,2-4,4-8,283,398,-115,L4,OAK Oakland Raiders,2007
4,12,0,.250,2-6,2-6,2-4,3-9,226,335,-109,L9,KC Kansas City Chiefs,2007
4,12,0,.250,3-5,1-7,1-5,3-9,259,414,-155,W1,ATL Atlanta Falcons,2007
3,13,0,.188,1-7,2-6,1-5,3-9,263,438,-175,L4,STL St. Louis Rams,2007
1,15,0,.063,1-7,0-8,0-6,1-11,267,437,-170,L2,MIA Miami Dolphins,2007
13,3,0,.813,7-1,6-2,4-2,9-3,375,234,+141,L1,* -- TEN Tennessee Titans,2008
12,4,0,.750,7-1,5-3,4-2,9-3,427,294,+133,L1,* -- NYG New York Giants,2008
12,4,0,.750,6-2,6-2,6-0,10-2,347,223,+124,W1,z -- PIT Pittsburgh Steelers,2008
12,4,0,.750,8-0,4-4,4-2,8-4,414,329,+85,W1,z -- CAR Carolina Panthers,2008
12,4,0,.750,6-2,6-2,4-2,10-2,377,298,+79,W9,y -- IND Indianapolis Colts,2008
11,5,0,.688,5-3,6-2,4-2,8-4,345,317,+28,W5,z -- MIA Miami Dolphins,2008
11,5,0,.688,6-2,5-3,4-2,8-4,385,244,+141,W2,y -- BAL Baltimore Ravens,2008
11,5,0,.688,7-1,4-4,3-3,8-4,391,325,+66,W3,y -- ATL Atlanta Falcons,2008
11,5,0,.688,5-3,6-2,4-2,7-5,410,309,+101,W4,NE New England Patriots,2008
10,6,0,.625,6-2,4-4,4-2,8-4,379,333,+46,W1,z -- MIN Minnesota Vikings,2008
9,6,1,.594,6-2,3-4-1,2-4,7-5,416,289,+127,W1,y -- PHI Philadelphia Eagles,2008
9,7,0,.563,6-2,3-5,6-0,7-5,427,426,+1,W1,z -- ARI Arizona Cardinals,2008
9,7,0,.563,6-2,3-5,3-3,8-4,361,323,+38,L4,TB Tampa Bay Buccaneers,2008
9,7,0,.563,5-3,4-4,4-2,7-5,405,356,+49,L2,NYJ New York Jets,2008
9,7,0,.563,6-2,3-5,4-2,7-5,375,350,+25,L1,CHI Chicago Bears,2008
9,7,0,.563,6-2,3-5,3-3,7-5,362,365,-3,L2,DAL Dallas Cowboys,2008
8,8,0,.500,5-3,3-5,5-1,7-5,439,347,+92,W4,z -- SD San Diego Chargers,2008
8,8,0,.500,4-4,4-4,3-3,7-5,265,296,-31,L1,WSH Washington Redskins,2008
8,8,0,.500,4-4,4-4,3-3,5-7,370,448,-78,L3,DEN Denver Broncos,2008
8,8,0,.500,6-2,2-6,2-4,5-7,463,393,+70,L1,NO New Orleans Saints,2008
8,8,0,.500,6-2,2-6,2-4,5-7,366,394,-28,W1,HOU Houston Texans,2008
7,9,0,.438,4-4,3-5,3-3,5-7,339,381,-42,W2,SF San Francisco 49ers,2008
7,9,0,.438,3-5,4-4,0-6,5-7,336,342,-6,L1,BUF Buffalo Bills,2008
6,10,0,.375,4-4,2-6,4-2,5-7,419,380,+39,W1,GB Green Bay Packers,2008
5,11,0,.313,2-6,3-5,2-4,4-8,263,388,-125,W2,OAK Oakland Raiders,2008
5,11,0,.313,2-6,3-5,2-4,3-9,302,367,-65,L2,JAX Jacksonville Jaguars,2008
4,11,1,.281,3-4-1,1-7,1-5,3-9,204,364,-160,W3,CIN Cincinnati Bengals,2008
4,12,0,.250,2-6,2-6,3-3,3-9,294,392,-98,L1,SEA Seattle Seahawks,2008
4,12,0,.250,1-7,3-5,1-5,3-9,232,350,-118,L6,CLE Cleveland Browns,2008
2,14,0,.125,1-7,1-7,2-4,2-10,291,440,-149,L4,KC Kansas City Chiefs,2008
2,14,0,.125,1-7,1-7,0-6,2-10,232,465,-233,L10,STL St. Louis Rams,2008
0,16,0,.000,0-8,0-8,0-6,0-12,268,517,-249,L16,DET Detroit Lions,2008
14,2,0,.875,7-1,7-1,6-0,10-2,416,307,+109,L2,* -- IND Indianapolis Colts,2009
13,3,0,.813,6-2,7-1,4-2,9-3,510,341,+169,L3,* -- NO New Orleans Saints,2009
13,3,0,.813,6-2,7-1,5-1,9-3,454,320,+134,W11,z -- SD San Diego Chargers,2009
12,4,0,.750,8-0,4-4,5-1,9-3,470,312,+158,W1,z -- MIN Minnesota Vikings,2009
11,5,0,.688,6-2,5-3,4-2,9-3,429,337,+92,L1,x -- PHI Philadelphia Eagles,2009
11,5,0,.688,6-2,5-3,4-2,9-3,461,297,+164,W2,x -- GB Green Bay Packers,2009
11,5,0,.688,6-2,5-3,4-2,9-3,361,250,+111,W3,z -- DAL Dallas Cowboys,2009
10,6,0,.625,6-2,4-4,6-0,7-5,305,291,+14,L1,z -- CIN Cincinnati Bengals,2009
10,6,0,.625,8-0,2-6,4-2,7-5,427,285,+142,L1,z -- NE New England Patriots,2009
10,6,0,.625,4-4,6-2,4-2,8-4,375,325,+50,L1,z -- ARI Arizona Cardinals,2009
9,7,0,.563,4-4,5-3,2-4,7-5,348,236,+112,W2,x -- NYJ New York Jets,2009
9,7,0,.563,6-2,3-5,3-3,7-5,391,261,+130,W1,x -- BAL Baltimore Ravens,2009
9,7,0,.563,6-2,3-5,3-3,6-6,363,325,+38,W3,ATL Atlanta Falcons,2009
9,7,0,.563,6-2,3-5,2-4,6-6,368,324,+44,W3,PIT Pittsburgh Steelers,2009
9,7,0,.563,4-4,5-3,1-5,6-6,388,333,+55,W4,HOU Houston Texans,2009
8,8,0,.500,4-4,4-4,3-3,6-6,326,324,+2,L4,DEN Denver Broncos,2009
8,8,0,.500,4-4,4-4,4-2,6-6,402,427,-25,L2,NYG New York Giants,2009
8,8,0,.500,6-2,2-6,5-1,7-5,330,281,+49,W2,SF San Francisco 49ers,2009
8,8,0,.500,5-3,3-5,4-2,8-4,315,308,+7,W3,CAR Carolina Panthers,2009
8,8,0,.500,5-3,3-5,2-4,4-8,354,402,-48,W1,TEN Tennessee Titans,2009
7,9,0,.438,5-3,2-6,3-3,5-7,327,375,-48,W2,CHI Chicago Bears,2009
7,9,0,.438,5-3,2-6,3-3,6-6,290,380,-90,L4,JAX Jacksonville Jaguars,2009
7,9,0,.438,4-4,3-5,4-2,5-7,360,390,-30,L3,MIA Miami Dolphins,2009
6,10,0,.375,3-5,3-5,2-4,4-8,258,326,-68,W1,BUF Buffalo Bills,2009
5,11,0,.313,4-4,1-7,3-3,4-8,280,390,-110,L4,SEA Seattle Seahawks,2009
5,11,0,.313,2-6,3-5,2-4,4-8,197,379,-182,L2,OAK Oakland Raiders,2009
5,11,0,.313,3-5,2-6,1-5,5-7,245,375,-130,W4,CLE Cleveland Browns,2009
4,12,0,.250,3-5,1-7,0-6,2-10,266,336,-70,L3,WSH Washington Redskins,2009
4,12,0,.250,1-7,3-5,2-4,3-9,294,424,-130,W1,KC Kansas City Chiefs,2009
3,13,0,.188,1-7,2-6,1-5,3-9,244,400,-156,L1,TB Tampa Bay Buccaneers,2009
2,14,0,.125,2-6,0-8,0-6,1-11,262,494,-232,L6,DET Detroit Lions,2009
1,15,0,.063,0-8,1-7,0-6,1-11,175,436,-261,L8,STL St. Louis Rams,2009
14,2,0,.875,8-0,6-2,5-1,10-2,518,313,+205,W8,* -- NE New England Patriots,2010
13,3,0,.813,7-1,6-2,5-1,10-2,414,288,+126,W1,* -- ATL Atlanta Falcons,2010
12,4,0,.750,5-3,7-1,5-1,9-3,375,232,+143,W2,z -- PIT Pittsburgh Steelers,2010
12,4,0,.750,7-1,5-3,4-2,9-3,357,270,+87,W4,y -- BAL Baltimore Ravens,2010
11,5,0,.688,5-3,6-2,5-1,8-4,334,286,+48,L1,z -- CHI Chicago Bears,2010
11,5,0,.688,5-3,6-2,4-2,9-3,384,307,+77,L1,y -- NO New Orleans Saints,2010
11,5,0,.688,5-3,6-2,4-2,9-3,367,304,+63,W1,y -- NYJ New York Jets,2010
10,6,0,.625,6-2,4-4,4-2,8-4,435,388,+47,W4,z -- IND Indianapolis Colts,2010
10,6,0,.625,7-1,3-5,2-4,6-6,366,326,+40,L1,z -- KC Kansas City Chiefs,2010
10,6,0,.625,4-4,6-2,4-2,7-5,439,377,+62,L2,z -- PHI Philadelphia Eagles,2010
10,6,0,.625,7-1,3-5,4-2,8-4,388,240,+148,W2,y -- GB Green Bay Packers,2010
10,6,0,.625,5-3,5-3,3-3,8-4,394,347,+47,W1,NYG New York Giants,2010
10,6,0,.625,4-4,6-2,3-3,8-4,341,318,+23,W2,TB Tampa Bay Buccaneers,2010
9,7,0,.563,6-2,3-5,3-3,7-5,441,322,+119,W1,SD San Diego Chargers,2010
8,8,0,.500,5-3,3-5,6-0,6-6,410,371,+39,W1,OAK Oakland Raiders,2010
8,8,0,.500,5-3,3-5,3-3,7-5,353,419,-66,L3,JAX Jacksonville Jaguars,2010
7,9,0,.438,5-3,2-6,4-2,6-6,310,407,-97,W1,z -- SEA Seattle Seahawks,2010
7,9,0,.438,5-3,2-6,3-3,5-7,289,328,-39,L1,STL St. Louis Rams,2010
7,9,0,.438,1-7,6-2,2-4,5-7,273,333,-60,L3,MIA Miami Dolphins,2010
6,10,0,.375,2-6,4-4,3-3,4-8,394,436,-42,W1,DAL Dallas Cowboys,2010
6,10,0,.375,4-4,2-6,2-4,5-7,362,369,-7,W4,DET Detroit Lions,2010
6,10,0,.375,3-5,3-5,2-4,3-9,356,339,+17,L2,TEN Tennessee Titans,2010
6,10,0,.375,4-4,2-6,1-5,5-7,281,348,-67,L1,MIN Minnesota Vikings,2010
6,10,0,.375,5-3,1-7,4-2,4-8,305,346,-41,W1,SF San Francisco 49ers,2010
6,10,0,.375,2-6,4-4,2-4,4-8,302,377,-75,L1,WSH Washington Redskins,2010
6,10,0,.375,4-4,2-6,3-3,5-7,390,427,-37,W1,HOU Houston Texans,2010
5,11,0,.313,3-5,2-6,1-5,3-9,271,332,-61,L4,CLE Cleveland Browns,2010
5,11,0,.313,4-4,1-7,1-5,3-9,289,434,-145,L1,ARI Arizona Cardinals,2010
4,12,0,.250,2-6,2-6,1-5,3-9,283,425,-142,L2,BUF Buffalo Bills,2010
4,12,0,.250,3-5,1-7,2-4,3-9,322,395,-73,L1,CIN Cincinnati Bengals,2010
4,12,0,.250,3-5,1-7,1-5,3-9,344,471,-127,L1,DEN Denver Broncos,2010
2,14,0,.125,2-6,0-8,0-6,2-10,196,408,-212,L2,CAR Carolina Panthers,2010
15,1,0,.938,8-0,7-1,6-0,12-0,560,359,+201,W2,* -- GB Green Bay Packers,2011
13,3,0,.813,8-0,5-3,5-1,9-3,547,339,+208,W8,z -- NO New Orleans Saints,2011
13,3,0,.813,7-1,6-2,5-1,10-2,380,229,+151,W3,z -- SF San Francisco 49ers,2011
13,3,0,.813,7-1,6-2,5-1,10-2,513,342,+171,W8,* -- NE New England Patriots,2011
12,4,0,.750,8-0,4-4,6-0,9-3,378,266,+112,W2,z -- BAL Baltimore Ravens,2011
12,4,0,.750,7-1,5-3,4-2,9-3,325,227,+98,W2,y -- PIT Pittsburgh Steelers,2011
10,6,0,.625,5-3,5-3,4-2,8-4,381,278,+103,L3,z -- HOU Houston Texans,2011
10,6,0,.625,6-2,4-4,3-3,7-5,402,350,+52,W1,y -- ATL Atlanta Falcons,2011
10,6,0,.625,5-3,5-3,3-3,6-6,474,387,+87,L1,y -- DET Detroit Lions,2011
9,7,0,.563,4-4,5-3,2-4,6-6,344,323,+21,L1,y -- CIN Cincinnati Bengals,2011
9,7,0,.563,5-3,4-4,3-3,7-5,325,317,+8,W2,TEN Tennessee Titans,2011
9,7,0,.563,4-4,5-3,3-3,5-7,394,400,-6,W2,z -- NYG New York Giants,2011
8,8,0,.500,3-5,5-3,3-3,6-6,309,390,-81,L3,z -- DEN Denver Broncos,2011
8,8,0,.500,5-3,3-5,3-3,7-5,353,341,+12,W1,CHI Chicago Bears,2011
8,8,0,.500,3-5,5-3,3-3,6-6,359,433,-74,L1,OAK Oakland Raiders,2011
8,8,0,.500,6-2,2-6,3-3,6-6,377,363,+14,L3,NYJ New York Jets,2011
8,8,0,.500,6-2,2-6,4-2,7-5,312,348,-36,W1,ARI Arizona Cardinals,2011
8,8,0,.500,5-3,3-5,3-3,7-5,406,377,+29,W1,SD San Diego Chargers,2011
8,8,0,.500,5-3,3-5,2-4,6-6,369,347,+22,L2,DAL Dallas Cowboys,2011
8,8,0,.500,3-5,5-3,5-1,6-6,396,328,+68,W4,PHI Philadelphia Eagles,2011
7,9,0,.438,3-5,4-4,3-3,4-8,212,338,-126,W1,KC Kansas City Chiefs,2011
7,9,0,.438,4-4,3-5,3-3,6-6,321,315,+6,L2,SEA Seattle Seahawks,2011
6,10,0,.375,5-3,1-7,1-5,4-8,372,434,-62,L1,BUF Buffalo Bills,2011
6,10,0,.375,4-4,2-6,3-3,5-7,329,313,+16,W1,MIA Miami Dolphins,2011
6,10,0,.375,3-5,3-5,2-4,3-9,406,429,-23,L1,CAR Carolina Panthers,2011
5,11,0,.313,2-6,3-5,2-4,5-7,288,367,-79,L2,WSH Washington Redskins,2011
5,11,0,.313,4-4,1-7,3-3,4-8,243,329,-86,W1,JAX Jacksonville Jaguars,2011
4,12,0,.250,3-5,1-7,0-6,3-9,218,307,-89,L6,CLE Cleveland Browns,2011
4,12,0,.250,3-5,1-7,2-4,3-9,287,494,-207,L10,TB Tampa Bay Buccaneers,2011
3,13,0,.188,1-7,2-6,0-6,3-9,340,449,-109,L1,MIN Minnesota Vikings,2011
2,14,0,.125,2-6,0-8,2-4,2-10,243,430,-187,L1,IND Indianapolis Colts,2011
2,14,0,.125,1-7,1-7,0-6,1-11,193,407,-214,L7,STL St. Louis Rams,2011
13,3,0,.813,7-1,6-2,3-3,9-3,419,299,+120,L1,* -- ATL Atlanta Falcons,2012
13,3,0,.813,7-1,6-2,6-0,10-2,481,289,+192,W11,* -- DEN Denver Broncos,2012
12,4,0,.750,6-2,6-2,6-0,11-1,557,331,+226,W2,z -- NE New England Patriots,2012
12,4,0,.750,6-2,6-2,5-1,10-2,416,331,+85,L2,z -- HOU Houston Texans,2012
11,4,1,.719,6-1-1,5-3,3-2-1,7-4-1,397,273,+124,W1,z -- SF San Francisco 49ers,2012
11,5,0,.688,7-1,4-4,5-1,8-4,433,336,+97,L1,z -- GB Green Bay Packers,2012
11,5,0,.688,7-1,4-4,4-2,8-4,357,387,-30,W2,y -- IND Indianapolis Colts,2012
11,5,0,.688,8-0,3-5,3-3,8-4,412,245,+167,W5,y -- SEA Seattle Seahawks,2012
10,6,0,.625,5-3,5-3,5-1,8-4,436,388,+48,W7,z -- WSH Washington Redskins,2012
10,6,0,.625,6-2,4-4,4-2,8-4,398,344,+54,L1,z -- BAL Baltimore Ravens,2012
10,6,0,.625,4-4,6-2,3-3,7-5,391,320,+71,W3,y -- CIN Cincinnati Bengals,2012
10,6,0,.625,7-1,3-5,4-2,7-5,379,348,+31,W4,y -- MIN Minnesota Vikings,2012
10,6,0,.625,5-3,5-3,3-3,7-5,375,277,+98,W2,CHI Chicago Bears,2012
9,7,0,.563,6-2,3-5,3-3,8-4,429,344,+85,W1,NYG New York Giants,2012
8,8,0,.500,4-4,4-4,3-3,5-7,376,400,-24,L2,DAL Dallas Cowboys,2012
8,8,0,.500,5-3,3-5,3-3,5-7,336,314,+22,W1,PIT Pittsburgh Steelers,2012
7,8,1,.469,4-4,3-4-1,4-1-1,6-5-1,299,348,-49,L1,STL St. Louis Rams,2012
7,9,0,.438,5-3,2-6,2-4,5-7,288,317,-29,L1,MIA Miami Dolphins,2012
7,9,0,.438,4-4,3-5,3-3,5-7,461,454,+7,L1,NO New Orleans Saints,2012
7,9,0,.438,3-5,4-4,4-2,7-8,350,350,0,W2,SD San Diego Chargers,2012
7,9,0,.438,3-5,4-4,3-3,4-8,389,394,-5,W1,TB Tampa Bay Buccaneers,2012
7,9,0,.438,3-5,4-4,3-3,5-7,357,363,-6,W4,CAR Carolina Panthers,2012
6,10,0,.375,4-4,2-6,2-4,5-7,344,435,-91,W1,BUF Buffalo Bills,2012
6,10,0,.375,4-4,2-6,1-5,5-7,330,471,-141,W1,TEN Tennessee Titans,2012
6,10,0,.375,3-5,3-5,2-4,4-8,281,375,-94,L3,NYJ New York Jets,2012
5,11,0,.313,4-4,1-7,2-4,5-7,302,368,-66,L3,CLE Cleveland Browns,2012
5,11,0,.313,4-4,1-7,1-5,3-9,250,357,-107,L2,ARI Arizona Cardinals,2012
4,12,0,.250,2-6,2-6,0-6,3-9,372,437,-65,L8,DET Detroit Lions,2012
4,12,0,.250,3-5,1-7,2-4,4-8,290,443,-153,L2,OAK Oakland Raiders,2012
4,12,0,.250,2-6,2-6,1-5,2-10,280,444,-164,L3,PHI Philadelphia Eagles,2012
2,14,0,.125,1-7,1-7,0-6,0-12,211,425,-214,L4,KC Kansas City Chiefs,2012
2,14,0,.125,1-7,1-7,2-4,2-10,255,444,-189,L5,JAX Jacksonville Jaguars,2012
13,3,0,.813,7-1,6-2,4-2,10-2,417,231,+186,W1,* -- SEA Seattle Seahawks,2013
13,3,0,.813,7-1,6-2,5-1,9-3,606,399,+207,W2,* -- DEN Denver Broncos,2013
12,4,0,.750,6-2,6-2,5-1,9-3,406,272,+134,W6,y -- SF San Francisco 49ers,2013
12,4,0,.750,8-0,4-4,4-2,9-3,444,338,+106,W2,z -- NE New England Patriots,2013
12,4,0,.750,7-1,5-3,5-1,9-3,366,241,+125,W3,z -- CAR Carolina Panthers,2013
11,5,0,.688,8-0,3-5,3-3,8-4,430,305,+125,W2,z -- CIN Cincinnati Bengals,2013
11,5,0,.688,6-2,5-3,6-0,9-3,391,336,+55,W3,z -- IND Indianapolis Colts,2013
11,5,0,.688,5-3,6-2,2-4,7-5,430,305,+125,L2,y -- KC Kansas City Chiefs,2013
11,5,0,.688,8-0,3-5,5-1,9-3,414,304,+110,W1,y -- NO New Orleans Saints,2013
10,6,0,.625,4-4,6-2,4-2,9-3,442,382,+60,W2,z -- PHI Philadelphia Eagles,2013
10,6,0,.625,6-2,4-4,2-4,6-6,379,324,+55,L1,ARI Arizona Cardinals,2013
9,7,0,.563,5-3,4-4,4-2,6-6,396,348,+48,W4,y -- SD San Diego Chargers,2013
8,7,1,.531,4-3-1,4-4,3-2-1,6-5-1,417,428,-11,W1,z -- GB Green Bay Packers,2013
8,8,0,.500,5-3,3-5,2-4,4-8,445,478,-33,L2,CHI Chicago Bears,2013
8,8,0,.500,5-3,3-5,5-1,7-5,439,432,+7,L1,DAL Dallas Cowboys,2013
8,8,0,.500,5-3,3-5,4-2,6-6,379,370,+9,W3,PIT Pittsburgh Steelers,2013
8,8,0,.500,6-2,2-6,3-3,6-6,320,352,-32,L2,BAL Baltimore Ravens,2013
8,8,0,.500,6-2,2-6,3-3,5-7,290,387,-97,W2,NYJ New York Jets,2013
8,8,0,.500,4-4,4-4,2-4,7-5,317,335,-18,L2,MIA Miami Dolphins,2013
7,9,0,.438,4-4,3-5,4-2,6-6,395,376,+19,L4,DET Detroit Lions,2013
7,9,0,.438,3-5,4-4,2-4,6-6,362,381,-19,W2,TEN Tennessee Titans,2013
7,9,0,.438,5-3,2-6,1-5,4-8,348,364,-16,L1,STL St. Louis Rams,2013
7,9,0,.438,4-4,3-5,3-3,6-6,294,383,-89,W2,NYG New York Giants,2013
6,10,0,.375,4-4,2-6,3-3,5-7,339,388,-49,L1,BUF Buffalo Bills,2013
5,10,1,.344,5-3,0-7-1,2-3-1,4-7-1,391,480,-89,W1,MIN Minnesota Vikings,2013
4,12,0,.250,3-5,1-7,2-4,3-9,308,406,-98,L7,CLE Cleveland Browns,2013
4,12,0,.250,3-5,1-7,1-5,4-8,322,453,-131,L6,OAK Oakland Raiders,2013
4,12,0,.250,1-7,3-5,3-3,4-8,247,449,-202,L3,JAX Jacksonville Jaguars,2013
4,12,0,.250,3-5,1-7,1-5,3-9,353,443,-90,L2,ATL Atlanta Falcons,2013
4,12,0,.250,3-5,1-7,1-5,2-10,288,389,-101,L3,TB Tampa Bay Buccaneers,2013
3,13,0,.188,2-6,1-7,0-6,1-11,334,478,-144,L8,WSH Washington Redskins,2013
2,14,0,.125,1-7,1-7,1-5,2-10,276,428,-152,L14,HOU Houston Texans,2013
12,4,0,.750,7-1,5-3,4-2,9-3,468,313,+155,L1,** -- NE New England Patriots,2014
12,4,0,.750,7-1,5-3,5-1,10-2,394,254,+140,W6,** -- SEA Seattle Seahawks,2014
12,4,0,.750,8-0,4-4,6-0,10-2,482,354,+128,W1,* -- DEN Denver Broncos,2014
12,4,0,.750,8-0,4-4,5-1,9-3,486,348,+138,W2,* -- GB Green Bay Packers,2014
12,4,0,.750,4-4,8-0,4-2,8-4,467,352,+115,W4,z -- DAL Dallas Cowboys,2014
11,5,0,.688,6-2,5-3,4-2,9-3,436,368,+68,W4,z -- PIT Pittsburgh Steelers,2014
11,5,0,.688,6-2,5-3,6-0,9-3,458,369,+89,W1,z -- IND Indianapolis Colts,2014
11,5,0,.688,7-1,4-4,3-3,8-4,310,299,+11,L2,y -- ARI Arizona Cardinals,2014
11,5,0,.688,7-1,4-4,5-1,9-3,321,282,+39,L1,y -- DET Detroit Lions,2014
10,5,1,.656,5-2-1,5-3,3-3,7-5,365,344,+21,L1,y -- CIN Cincinnati Bengals,2014
10,6,0,.625,6-2,4-4,3-3,6-6,409,302,+107,W1,y -- BAL Baltimore Ravens,2014
10,6,0,.625,6-2,4-4,4-2,6-6,474,400,+74,W1,PHI Philadelphia Eagles,2014
9,7,0,.563,6-2,3-5,3-3,7-5,353,281,+72,W1,KC Kansas City Chiefs,2014
9,7,0,.563,5-3,4-4,4-2,8-4,372,307,+65,W2,HOU Houston Texans,2014
9,7,0,.563,5-3,4-4,2-4,6-6,348,348,0,L1,SD San Diego Chargers,2014
9,7,0,.563,5-3,4-4,4-2,5-7,343,289,+54,W1,BUF Buffalo Bills,2014
8,8,0,.500,4-4,4-4,2-4,7-5,306,340,-34,W1,SF San Francisco 49ers,2014
8,8,0,.500,4-4,4-4,3-3,6-6,388,373,+15,L1,MIA Miami Dolphins,2014
7,8,1,.469,4-4,3-4-1,4-2,6-6,339,374,-35,W4,z -- CAR Carolina Panthers,2014
7,9,0,.438,3-5,4-4,3-3,6-6,401,424,-23,W1,NO New Orleans Saints,2014
7,9,0,.438,5-3,2-6,1-5,6-6,325,343,-18,W1,MIN Minnesota Vikings,2014
7,9,0,.438,4-4,3-5,2-4,4-8,299,337,-38,L5,CLE Cleveland Browns,2014
6,10,0,.375,3-5,3-5,2-4,4-8,380,400,-20,L1,NYG New York Giants,2014
6,10,0,.375,3-5,3-5,5-1,6-6,381,417,-36,L1,ATL Atlanta Falcons,2014
6,10,0,.375,3-5,3-5,2-4,4-8,324,354,-30,L3,STL St. Louis Rams,2014
5,11,0,.313,2-6,3-5,1-5,4-8,319,442,-123,L5,CHI Chicago Bears,2014
4,12,0,.250,2-6,2-6,1-5,4-8,283,401,-118,W1,NYJ New York Jets,2014
4,12,0,.250,3-5,1-7,2-4,2-10,301,438,-137,L1,WSH Washington Redskins,2014
3,13,0,.188,3-5,0-8,1-5,2-10,249,412,-163,L1,JAX Jacksonville Jaguars,2014
3,13,0,.188,3-5,0-8,1-5,2-10,253,452,-199,L1,OAK Oakland Raiders,2014
2,14,0,.125,1-7,1-7,1-5,2-10,254,438,-184,L10,TEN Tennessee Titans,2014
2,14,0,.125,0-8,2-6,0-6,1-11,277,410,-133,L6,TB Tampa Bay Buccaneers,2014
15,1,0,.938,8-0,7-1,5-1,11-1,500,308,+192,W1,** -- CAR Carolina Panthers,2015
13,3,0,.813,6-2,7-1,4-2,10-2,489,313,+176,L1,* -- ARI Arizona Cardinals,2015
12,4,0,.750,6-2,6-2,4-2,8-4,355,296,+59,W2,** -- DEN Denver Broncos,2015
12,4,0,.750,7-1,5-3,4-2,9-3,465,315,+150,L2,* -- NE New England Patriots,2015
12,4,0,.750,6-2,6-2,5-1,9-3,419,279,+140,W1,z -- CIN Cincinnati Bengals,2015
11,5,0,.688,6-2,5-3,5-1,8-4,365,302,+63,W3,z -- MIN Minnesota Vikings,2015
11,5,0,.688,6-2,5-3,5-1,10-2,405,287,+118,W10,y -- KC Kansas City Chiefs,2015
10,6,0,.625,5-3,5-3,3-3,7-5,368,323,+45,L2,y -- GB Green Bay Packers,2015
10,6,0,.625,6-2,4-4,3-3,7-5,423,319,+104,W1,y -- PIT Pittsburgh Steelers,2015
10,6,0,.625,5-3,5-3,3-3,7-5,423,277,+146,W1,y -- SEA Seattle Seahawks,2015
10,6,0,.625,6-2,4-4,3-3,7-5,387,314,+73,L1,NYJ New York Jets,2015
9,7,0,.563,6-2,3-5,4-2,8-4,388,379,+9,W4,z -- WSH Washington Redskins,2015
9,7,0,.563,5-3,4-4,5-1,7-5,339,313,+26,W3,z -- HOU Houston Texans,2015
8,8,0,.500,4-4,4-4,1-5,5-7,339,345,-6,L1,ATL Atlanta Falcons,2015
8,8,0,.500,5-3,3-5,4-2,7-5,379,359,+20,W2,BUF Buffalo Bills,2015
8,8,0,.500,4-4,4-4,4-2,6-6,333,408,-75,W2,IND Indianapolis Colts,2015
7,9,0,.438,5-3,2-6,4-2,6-6,280,330,-50,L1,STL St. Louis Rams,2015
7,9,0,.438,4-4,3-5,3-3,6-6,358,400,-42,W3,DET Detroit Lions,2015
7,9,0,.438,3-5,4-4,3-3,7-5,359,399,-40,L1,OAK Oakland Raiders,2015
7,9,0,.438,3-5,4-4,3-3,4-8,377,430,-53,W1,PHI Philadelphia Eagles,2015
7,9,0,.438,4-4,3-5,3-3,5-7,408,476,-68,W2,NO New Orleans Saints,2015
6,10,0,.375,3-5,3-5,1-5,4-8,310,389,-79,W1,MIA Miami Dolphins,2015
6,10,0,.375,3-5,3-5,2-4,4-8,420,442,-22,L3,NYG New York Giants,2015
6,10,0,.375,1-7,5-3,1-5,3-9,335,397,-62,L1,CHI Chicago Bears,2015
6,10,0,.375,3-5,3-5,3-3,5-7,342,417,-75,L4,TB Tampa Bay Buccaneers,2015
5,11,0,.313,4-4,1-7,2-4,5-7,376,448,-72,L3,JAX Jacksonville Jaguars,2015
5,11,0,.313,3-5,2-6,3-3,4-8,328,401,-73,L1,BAL Baltimore Ravens,2015
5,11,0,.313,4-4,1-7,1-5,4-8,238,387,-149,W1,SF San Francisco 49ers,2015
4,12,0,.250,3-5,1-7,0-6,3-9,320,398,-78,L2,SD San Diego Chargers,2015
4,12,0,.250,1-7,3-5,3-3,3-9,275,374,-99,L4,DAL Dallas Cowboys,2015
3,13,0,.188,2-6,1-7,1-5,2-10,278,432,-154,L3,CLE Cleveland Browns,2015
3,13,0,.188,1-7,2-6,1-5,1-11,299,423,-124,L4,TEN Tennessee Titans,2015
14,2,0,.875,6-2,8-0,5-1,11-1,441,250,+191,W7,** -- NE New England Patriots,2016
13,3,0,.813,7-1,6-2,3-3,9-3,421,306,+115,L1,** -- DAL Dallas Cowboys,2016
12,4,0,.750,6-2,6-2,6-0,9-3,389,311,+78,W2,* -- KC Kansas City Chiefs,2016
12,4,0,.750,6-2,6-2,3-3,9-3,416,385,+31,L1,y -- OAK Oakland Raiders,2016
11,5,0,.688,5-3,6-2,5-1,9-3,540,406,+134,W4,* -- ATL Atlanta Falcons,2016
11,5,0,.688,6-2,5-3,5-1,9-3,399,327,+72,W7,z -- PIT Pittsburgh Steelers,2016
11,5,0,.688,7-1,4-4,4-2,8-4,310,284,+26,W1,y -- NYG New York Giants,2016
10,5,1,.656,7-1,3-4-1,3-2-1,6-5-1,354,292,+62,W1,z -- SEA Seattle Seahawks,2016
10,6,0,.625,6-2,4-4,5-1,8-4,432,388,+44,W6,z -- GB Green Bay Packers,2016
10,6,0,.625,6-2,4-4,4-2,7-5,363,380,-17,L1,y -- MIA Miami Dolphins,2016
9,7,0,.563,7-1,2-6,5-1,7-5,279,328,-49,L1,z -- HOU Houston Texans,2016
9,7,0,.563,6-2,3-5,3-3,7-5,346,358,-12,L3,y -- DET Detroit Lions,2016
9,7,0,.563,5-3,4-4,2-4,6-6,381,378,+3,W1,TEN Tennessee Titans,2016
9,7,0,.563,4-4,5-3,4-2,7-5,354,369,-15,W1,TB Tampa Bay Buccaneers,2016
9,7,0,.563,5-3,4-4,2-4,6-6,333,297,+36,W1,DEN Denver Broncos,2016
8,7,1,.531,4-4,4-3-1,3-3,6-6,396,383,+13,L1,WSH Washington Redskins,2016
8,8,0,.500,5-3,3-5,2-4,5-7,327,307,+20,W1,MIN Minnesota Vikings,2016
8,8,0,.500,6-2,2-6,4-2,7-5,343,321,+22,L2,BAL Baltimore Ravens,2016
8,8,0,.500,4-4,4-4,3-3,5-7,411,392,+19,W1,IND Indianapolis Colts,2016
7,8,1,.469,4-3-1,3-5,4-1-1,6-5-1,418,362,+56,W2,ARI Arizona Cardinals,2016
7,9,0,.438,4-4,3-5,1-5,4-8,399,378,+21,L2,BUF Buffalo Bills,2016
7,9,0,.438,4-4,3-5,2-4,6-6,469,454,+15,L1,NO New Orleans Saints,2016
7,9,0,.438,6-2,1-7,2-4,5-7,367,331,+36,W2,PHI Philadelphia Eagles,2016
6,9,1,.406,4-3-1,2-6,3-3,5-7,325,315,+10,W1,CIN Cincinnati Bengals,2016
6,10,0,.375,4-4,2-6,1-5,5-7,369,402,-33,L2,CAR Carolina Panthers,2016
5,11,0,.313,2-6,3-5,2-4,4-8,275,409,-134,W1,NYJ New York Jets,2016
5,11,0,.313,3-5,2-6,1-5,4-8,410,423,-13,L5,SD San Diego Chargers,2016
4,12,0,.250,1-7,3-5,2-4,3-9,224,394,-170,L7,LAR Los Angeles Rams,2016
3,13,0,.188,3-5,0-8,2-4,3-9,279,399,-120,L4,CHI Chicago Bears,2016
3,13,0,.188,2-6,1-7,2-4,2-10,318,400,-82,L1,JAX Jacksonville Jaguars,2016
2,14,0,.125,1-7,1-7,2-4,2-10,309,480,-171,L1,SF San Francisco 49ers,2016
1,15,0,.063,1-7,0-8,0-6,1-11,264,452,-188,L1,CLE Cleveland Browns,2016
13,3,0,.813,6-2,7-1,5-1,10-2,458,296,+162,W3,** -- NE New England Patriots,2017
13,3,0,.813,7-1,6-2,5-1,10-2,457,295,+162,L1,** -- PHI Philadelphia Eagles,2017
13,3,0,.813,7-1,6-2,5-1,10-2,382,252,+130,W3,* -- MIN Minnesota Vikings,2017
13,3,0,.813,6-2,7-1,6-0,10-2,406,308,+98,W2,* -- PIT Pittsburgh Steelers,2017
11,5,0,.688,4-4,7-1,4-2,7-5,478,329,+149,L1,z -- LAR Los Angeles Rams,2017
11,5,0,.688,7-1,4-4,4-2,8-4,448,326,+122,L1,z -- NO New Orleans Saints,2017
11,5,0,.688,6-2,5-3,3-3,7-5,363,327,+36,L1,x -- CAR Carolina Panthers,2017
10,6,0,.625,6-2,4-4,4-2,9-3,417,268,+149,L2,z -- JAX Jacksonville Jaguars,2017
10,6,0,.625,6-2,4-4,5-1,8-4,415,339,+76,W4,z -- KC Kansas City Chiefs,2017
10,6,0,.625,5-3,5-3,4-2,9-3,353,315,+38,W1,x -- ATL Atlanta Falcons,2017
9,7,0,.563,6-2,3-5,5-1,8-4,334,356,-22,W1,x -- TEN Tennessee Titans,2017
9,7,0,.563,6-2,3-5,3-3,7-5,302,359,-57,W1,x -- BUF Buffalo Bills,2017
9,7,0,.563,4-4,5-3,5-1,8-4,410,376,+34,W1,DET Detroit Lions,2017
9,7,0,.563,5-3,4-4,3-3,7-5,395,303,+92,L1,BAL Baltimore Ravens,2017
9,7,0,.563,5-3,4-4,3-3,6-6,355,272,+83,W2,LAC Los Angeles Chargers,2017
9,7,0,.563,4-4,5-3,4-2,7-5,366,332,+34,L1,SEA Seattle Seahawks,2017
9,7,0,.563,3-5,6-2,5-1,7-5,354,332,+22,W1,DAL Dallas Cowboys,2017
8,8,0,.500,5-3,3-5,3-3,5-7,295,361,-66,W2,ARI Arizona Cardinals,2017
7,9,0,.438,4-4,3-5,3-3,6-6,290,349,-59,W2,CIN Cincinnati Bengals,2017
7,9,0,.438,4-4,3-5,2-4,5-7,320,384,-64,L3,GB Green Bay Packers,2017
7,9,0,.438,5-3,2-6,1-5,5-7,342,388,-46,L1,WSH Washington Redskins,2017
6,10,0,.375,4-4,2-6,2-4,5-7,301,373,-72,L4,OAK Oakland Raiders,2017
6,10,0,.375,4-4,2-6,2-4,5-7,281,393,-112,L3,MIA Miami Dolphins,2017
6,10,0,.375,3-5,3-5,1-5,3-9,331,383,-52,W5,SF San Francisco 49ers,2017
5,11,0,.313,4-4,1-7,2-4,4-8,289,382,-93,L2,DEN Denver Broncos,2017
5,11,0,.313,4-4,1-7,2-4,5-7,298,382,-84,L4,NYJ New York Jets,2017
5,11,0,.313,4-4,1-7,1-5,3-9,335,382,-47,W1,TB Tampa Bay Buccaneers,2017
5,11,0,.313,3-5,2-6,0-6,1-11,264,320,-56,L1,CHI Chicago Bears,2017
4,12,0,.250,3-5,1-7,2-4,3-9,263,404,-141,W1,IND Indianapolis Colts,2017
4,12,0,.250,3-5,1-7,1-5,3-9,338,436,-98,L6,HOU Houston Texans,2017
3,13,0,.188,2-6,1-7,1-5,1-11,246,388,-142,W1,NYG New York Giants,2017
0,16,0,.000,0-8,0-8,0-6,0-12,234,410,-176,L16,CLE Cleveland Browns,2017
13,3,0,.813,6-2,7-1,4-2,9-3,504,353,+151,L1,** -- NO New Orleans Saints,2018
13,3,0,.813,7-1,6-2,6-0,9-3,527,384,+143,W2,* -- LAR Los Angeles Rams,2018
12,4,0,.750,7-1,5-3,5-1,10-2,565,421,+144,W1,** -- KC Kansas City Chiefs,2018
12,4,0,.750,7-1,5-3,5-1,10-2,421,283,+138,W4,z -- CHI Chicago Bears,2018
12,4,0,.750,5-3,7-1,4-2,9-3,428,329,+99,W1,y -- LAC Los Angeles Chargers,2018
11,5,0,.688,8-0,3-5,5-1,8-4,436,325,+111,W2,* -- NE New England Patriots,2018
11,5,0,.688,6-2,5-3,4-2,9-3,402,316,+86,W1,z -- HOU Houston Texans,2018
10,6,0,.625,7-1,3-5,5-1,9-3,339,324,+15,W2,z -- DAL Dallas Cowboys,2018
10,6,0,.625,6-2,4-4,3-3,8-4,389,287,+102,W3,z -- BAL Baltimore Ravens,2018
10,6,0,.625,6-2,4-4,3-3,8-4,428,347,+81,W2,y -- SEA Seattle Seahawks,2018
10,6,0,.625,6-2,4-4,4-2,7-5,433,344,+89,W4,y -- IND Indianapolis Colts,2018
9,6,1,.594,5-3,4-3-1,4-1-1,6-5-1,428,360,+68,W1,PIT Pittsburgh Steelers,2018
9,7,0,.563,5-3,4-4,4-2,6-6,367,348,+19,W3,y -- PHI Philadelphia Eagles,2018
9,7,0,.563,6-2,3-5,3-3,5-7,310,303,+7,L1,TEN Tennessee Titans,2018
8,7,1,.531,5-3,3-4-1,3-2-1,6-5-1,360,341,+19,L1,MIN Minnesota Vikings,2018
7,8,1,.469,5-2-1,2-6,3-2-1,5-6-1,359,392,-33,L1,CLE Cleveland Browns,2018
7,9,0,.438,4-4,3-5,4-2,7-5,414,423,-9,W3,ATL Atlanta Falcons,2018
7,9,0,.438,3-5,4-4,2-4,6-6,281,359,-78,L2,WSH Washington Redskins,2018
7,9,0,.438,6-2,1-7,4-2,6-6,319,433,-114,L3,MIA Miami Dolphins,2018
7,9,0,.438,5-3,2-6,2-4,5-7,376,382,-6,W1,CAR Carolina Panthers,2018
6,9,1,.406,5-2-1,1-7,1-4-1,3-8-1,376,400,-24,L1,GB Green Bay Packers,2018
6,10,0,.375,3-5,3-5,2-4,4-8,329,349,-20,L4,DEN Denver Broncos,2018
6,10,0,.375,4-4,2-6,1-5,4-8,368,455,-87,L2,CIN Cincinnati Bengals,2018
6,10,0,.375,3-5,3-5,2-4,4-8,324,360,-36,W1,DET Detroit Lions,2018
6,10,0,.375,4-4,2-6,2-4,4-8,269,374,-105,W1,BUF Buffalo Bills,2018
5,11,0,.313,2-6,3-5,1-5,4-8,369,412,-43,L3,NYG New York Giants,2018
5,11,0,.313,4-4,1-7,2-4,4-8,396,464,-68,L4,TB Tampa Bay Buccaneers,2018
5,11,0,.313,3-5,2-6,1-5,4-8,245,316,-71,L1,JAX Jacksonville Jaguars,2018
4,12,0,.250,2-6,2-6,1-5,3-9,333,441,-108,L3,NYJ New York Jets,2018
4,12,0,.250,4-4,0-8,1-5,2-10,342,435,-93,L2,SF San Francisco 49ers,2018
4,12,0,.250,3-5,1-7,1-5,3-9,290,467,-177,L1,OAK Oakland Raiders,2018
3,13,0,.188,1-7,2-6,2-4,3-9,225,425,-200,L4,ARI Arizona Cardinals,2018
14,2,0,.875,7-1,7-1,5-1,10-2,531,282,+249,W12,** -- BAL Baltimore Ravens,2019
13,3,0,.813,6-2,7-1,5-1,10-2,479,310,+169,W2,** -- SF San Francisco 49ers,2019
13,3,0,.813,7-1,6-2,6-0,10-2,376,313,+63,W5,* -- GB Green Bay Packers,2019
13,3,0,.813,6-2,7-1,5-1,9-3,458,341,+117,W3,z -- NO New Orleans Saints,2019
12,4,0,.750,5-3,7-1,6-0,9-3,451,308,+143,W6,* -- KC Kansas City Chiefs,2019
12,4,0,.750,6-2,6-2,5-1,8-4,420,225,+195,L1,z -- NE New England Patriots,2019
11,5,0,.688,4-4,7-1,3-3,8-4,405,398,+7,L2,y -- SEA Seattle Seahawks,2019
10,6,0,.625,5-3,5-3,4-2,8-4,378,385,-7,L1,z -- HOU Houston Texans,2019
10,6,0,.625,4-4,6-2,3-3,7-5,314,259,+55,L2,y -- BUF Buffalo Bills,2019
10,6,0,.625,6-2,4-4,2-4,7-5,407,303,+104,L2,y -- MIN Minnesota Vikings,2019
9,7,0,.563,5-3,4-4,5-1,7-5,385,354,+31,W4,z -- PHI Philadelphia Eagles,2019
9,7,0,.563,4-4,5-3,3-3,7-5,402,331,+71,W1,y -- TEN Tennessee Titans,2019
9,7,0,.563,5-3,4-4,3-3,7-5,394,364,+30,W1,LAR Los Angeles Rams,2019
8,8,0,.500,5-3,3-5,3-3,6-6,289,303,-14,L3,PIT Pittsburgh Steelers,2019
8,8,0,.500,4-4,4-4,4-2,7-5,280,298,-18,W1,CHI Chicago Bears,2019
8,8,0,.500,5-3,3-5,5-1,7-5,434,321,+113,W1,DAL Dallas Cowboys,2019
7,9,0,.438,5-3,2-6,3-3,6-6,282,316,-34,W2,DEN Denver Broncos,2019
7,9,0,.438,5-3,2-6,3-3,5-7,313,419,-106,L1,OAK Oakland Raiders,2019
7,9,0,.438,3-5,4-4,4-2,6-6,381,399,-18,W4,ATL Atlanta Falcons,2019
7,9,0,.438,5-3,2-6,3-3,5-7,361,373,-12,L1,IND Indianapolis Colts,2019
7,9,0,.438,5-3,2-6,2-4,4-8,276,359,-83,W2,NYJ New York Jets,2019
7,9,0,.438,2-6,5-3,2-4,5-7,458,449,+9,L2,TB Tampa Bay Buccaneers,2019
6,10,0,.375,3-5,3-5,2-4,6-6,300,397,-97,W1,JAX Jacksonville Jaguars,2019
6,10,0,.375,4-4,2-6,3-3,6-6,335,393,-58,L3,CLE Cleveland Browns,2019
5,10,1,.344,2-5-1,3-5,1-5,3-8-1,361,442,-81,L1,ARI Arizona Cardinals,2019
5,11,0,.313,2-6,3-5,1-5,2-10,340,470,-130,L8,CAR Carolina Panthers,2019
5,11,0,.313,2-6,3-5,0-6,3-9,337,345,-8,L3,LAC Los Angeles Chargers,2019
5,11,0,.313,3-5,2-6,2-4,4-8,306,494,-188,W2,MIA Miami Dolphins,2019
4,12,0,.250,2-6,2-6,2-4,3-9,341,451,-110,L1,NYG New York Giants,2019
3,12,1,.219,2-6,1-6-1,0-6,2-9-1,341,423,-82,L9,DET Detroit Lions,2019
3,13,0,.188,1-7,2-6,0-6,2-10,266,435,-169,L4,WSH Washington,2019
2,14,0,.125,2-6,0-8,1-5,2-10,279,420,-141,W1,CIN Cincinnati Bengals,2019
14,2,0,.875,6-2,8-0,4-2,10-2,473,362,+111,L1,* -- KC Kansas City Chiefs,2020
13,3,0,.813,7-1,6-2,5-1,10-2,509,369,+140,W6,* -- GB Green Bay Packers,2020
13,3,0,.813,7-1,6-2,6-0,10-2,501,375,+126,W6,z -- BUF Buffalo Bills,2020
12,4,0,.750,6-2,6-2,6-0,10-2,482,337,+145,W2,z -- NO New Orleans Saints,2020
12,4,0,.750,7-1,5-3,4-2,9-3,416,312,+104,L1,z -- PIT Pittsburgh Steelers,2020
12,4,0,.750,7-1,5-3,4-2,9-3,459,371,+88,W4,z -- SEA Seattle Seahawks,2020
11,5,0,.688,5-3,6-2,5-1,8-4,491,439,+52,W1,z -- TEN Tennessee Titans,2020
11,5,0,.688,5-3,6-2,4-2,8-4,492,355,+137,W4,y -- TB Tampa Bay Buccaneers,2020
11,5,0,.688,5-3,6-2,4-2,7-5,468,303,+165,W5,y -- BAL Baltimore Ravens,2020
11,5,0,.688,6-2,5-3,3-3,7-5,408,419,-11,W1,y -- CLE Cleveland Browns,2020
11,5,0,.688,6-2,5-3,4-2,7-5,451,362,+89,W1,y -- IND Indianapolis Colts,2020
10,6,0,.625,6-2,4-4,3-3,9-3,372,296,+76,W1,y -- LAR Los Angeles Rams,2020
10,6,0,.625,5-3,5-3,3-3,7-5,404,338,+66,L1,e -- MIA Miami Dolphins,2020
8,8,0,.500,3-5,5-3,2-4,6-6,372,370,+2,L1,y -- CHI Chicago Bears,2020
8,8,0,.500,4-4,4-4,2-4,6-6,410,367,+43,L2,e -- ARI Arizona Cardinals,2020
8,8,0,.500,2-6,6-2,4-2,6-6,434,478,-44,W1,e -- LV Las Vegas Raiders,2020
7,9,0,.438,3-5,4-4,4-2,5-7,335,329,+6,W1,z -- WSH Washington,2020
7,9,0,.438,3-5,4-4,4-2,5-7,430,475,-45,W1,e -- MIN Minnesota Vikings,2020
7,9,0,.438,5-3,2-6,3-3,6-6,326,353,-27,W1,e -- NE New England Patriots,2020
7,9,0,.438,4-4,3-5,3-3,6-6,384,426,-42,W4,e -- LAC Los Angeles Chargers,2020
6,10,0,.375,1-7,5-3,3-3,4-8,376,390,-14,L1,e -- SF San Francisco 49ers,2020
6,10,0,.375,3-5,3-5,4-2,5-7,280,357,-77,W1,e -- NYG New York Giants,2020
6,10,0,.375,4-4,2-6,2-4,5-7,395,473,-78,L1,e -- DAL Dallas Cowboys,2020
5,11,0,.313,2-6,3-5,1-5,4-8,323,446,-123,L3,e -- DEN Denver Broncos,2020
5,11,0,.313,2-6,3-5,1-5,4-8,350,402,-52,L1,e -- CAR Carolina Panthers,2020
5,11,0,.313,1-7,4-4,1-5,4-8,377,519,-142,L4,e -- DET Detroit Lions,2020
4,11,1,.281,3-5,1-6-1,1-5,4-8,311,424,-113,L1,e -- CIN Cincinnati Bengals,2020
4,11,1,.281,3-4-1,1-7,2-4,4-8,334,418,-84,L3,e -- PHI Philadelphia Eagles,2020
4,12,0,.250,2-6,2-6,2-4,3-9,384,464,-80,L5,e -- HOU Houston Texans,2020
4,12,0,.250,2-6,2-6,1-5,2-10,396,414,-18,L5,e -- ATL Atlanta Falcons,2020
2,14,0,.125,1-7,1-7,0-6,1-11,243,457,-214,L1,e -- NYJ New York Jets,2020
1,15,0,.063,1-7,0-8,1-5,1-11,306,492,-186,L15,e -- JAX Jacksonville Jaguars,2020
13,4,0,.765,8-0,5-4,4-2,9-3,450,371,+79,L1,* -- GB Green Bay Packers,2021
13,4,0,.765,7-1,6-3,4-2,8-4,511,353,+158,W3,z -- TB Tampa Bay Buccaneers,2021
12,5,0,.706,7-2,5-3,5-1,8-4,419,354,+65,W3,* -- TEN Tennessee Titans,2021
12,5,0,.706,7-2,5-3,5-1,7-5,480,364,+116,W1,z -- KC Kansas City Chiefs,2021
12,5,0,.706,5-3,7-2,6-0,10-2,530,358,+172,W1,z -- DAL Dallas Cowboys,2021
12,5,0,.706,5-3,7-2,3-3,8-4,460,372,+88,L1,z -- LAR Los Angeles Rams,2021
11,6,0,.647,6-3,5-3,5-1,7-5,483,289,+194,W4,z -- BUF Buffalo Bills,2021
11,6,0,.647,3-5,8-1,4-2,7-5,449,366,+83,L1,x -- ARI Arizona Cardinals,2021
10,7,0,.588,5-4,5-3,4-2,8-4,460,376,+84,L1,z -- CIN Cincinnati Bengals,2021
10,7,0,.588,5-4,5-3,3-3,8-4,374,439,-65,W4,x -- LV Las Vegas Raiders,2021
10,7,0,.588,4-5,6-2,3-3,8-4,462,303,+159,L1,x -- NE New England Patriots,2021
10,7,0,.588,4-4,6-3,2-4,7-5,427,365,+62,W2,x -- SF San Francisco 49ers,2021
9,7,1,.559,6-2-1,3-5,4-2,7-5,343,398,-55,W2,x -- PIT Pittsburgh Steelers,2021
9,8,0,.529,3-5,6-3,3-3,7-5,444,385,+59,L1,x -- PHI Philadelphia Eagles,2021
9,8,0,.529,4-5,5-3,3-3,7-5,451,365,+86,L2,e -- IND Indianapolis Colts,2021
9,8,0,.529,3-5,6-3,4-2,7-5,364,335,+29,W2,e -- NO New Orleans Saints,2021
9,8,0,.529,6-3,3-5,4-2,6-6,341,373,-32,W1,e -- MIA Miami Dolphins,2021
9,8,0,.529,5-4,4-4,3-3,6-6,474,459,+15,L1,e -- LAC Los Angeles Chargers,2021
8,9,0,.471,5-3,3-6,4-2,6-6,425,426,-1,W1,e -- MIN Minnesota Vikings,2021
8,9,0,.471,6-3,2-6,3-3,5-7,349,371,-22,W1,e -- CLE Cleveland Browns,2021
8,9,0,.471,5-4,3-5,1-5,5-7,387,392,-5,L6,e -- BAL Baltimore Ravens,2021
7,10,0,.412,3-5,4-5,2-4,6-6,335,434,-99,W1,e -- WSH Washington,2021
7,10,0,.412,3-5,4-5,3-3,4-8,395,366,+29,W2,e -- SEA Seattle Seahawks,2021
7,10,0,.412,2-6,5-4,2-4,4-8,313,459,-146,L2,e -- ATL Atlanta Falcons,2021
7,10,0,.412,4-5,3-5,1-5,3-9,335,322,+13,L4,e -- DEN Denver Broncos,2021
6,11,0,.353,3-5,3-6,2-4,4-8,311,407,-96,L1,e -- CHI Chicago Bears,2021
5,12,0,.294,2-6,3-6,2-4,3-9,304,404,-100,L7,e -- CAR Carolina Panthers,2021
4,13,0,.235,3-6,1-7,0-6,4-8,310,504,-194,L2,e -- NYJ New York Jets,2021
4,13,0,.235,3-5,1-8,1-5,3-9,258,416,-158,L6,e -- NYG New York Giants,2021
4,13,0,.235,2-7,2-6,3-3,4-8,280,452,-172,L2,e -- HOU Houston Texans,2021
3,13,1,.206,3-5,0-8-1,2-4,3-9,325,467,-142,W1,e -- DET Detroit Lions,2021
3,14,0,.176,3-6,0-8,1-5,3-9,253,457,-204,W1,e -- JAX Jacksonville Jaguars,2021
