Away,Home
HoustonAstros,LosAngelesAngels
SanDiegoPadres,ArizonaD'Backs
CincinnatiReds,AtlantaBraves
MilwaukeeBrewers,ChicagoCubs
ClevelandGuardians,KansasCityRoyals
PittsburghPirates,St.LouisCardinals
NewYorkMets,WashingtonNationals
HoustonAstros,LosAngelesAngels
SanDiegoPadres,ArizonaD'Backs
CincinnatiReds,AtlantaBraves
LosAngelesDodgers,ColoradoRockies
ChicagoWhiteSox,DetroitTigers
SeattleMariners,MinnesotaTwins
BostonRedSox,NewYorkYankees
OaklandAthletics,PhiladelphiaPhillies
MiamiMarlins,SanFranciscoGiants
BaltimoreOrioles,TampaBayRays
TexasRangers,TorontoBlueJays
NewYorkMets,WashingtonNationals
HoustonAstros,LosAngelesAngels
SanDiegoPadres,ArizonaD'Backs
CincinnatiReds,AtlantaBraves
MilwaukeeBrewers,ChicagoCubs
LosAngelesDodgers,ColoradoRockies
ChicagoWhiteSox,DetroitTigers
ClevelandGuardians,KansasCityRoyals
SeattleMariners,MinnesotaTwins
BostonRedSox,NewYorkYankees
OaklandAthletics,PhiladelphiaPhillies
MiamiMarlins,SanFranciscoGiants
PittsburghPirates,St.LouisCardinals
BaltimoreOrioles,TampaBayRays
TexasRangers,TorontoBlueJays
NewYorkMets,WashingtonNationals
HoustonAstros,LosAngelesAngels
SanDiegoPadres,ArizonaD'Backs
CincinnatiReds,AtlantaBraves
MilwaukeeBrewers,ChicagoCubs
LosAngelesDodgers,ColoradoRockies
ChicagoWhiteSox,DetroitTigers
ClevelandGuardians,KansasCityRoyals
SeattleMariners,MinnesotaTwins
BostonRedSox,NewYorkYankees
OaklandAthletics,PhiladelphiaPhillies
MiamiMarlins,SanFranciscoGiants
PittsburghPirates,St.LouisCardinals
BaltimoreOrioles,TampaBayRays
TexasRangers,TorontoBlueJays
NewYorkMets,WashingtonNationals
MiamiMarlins,LosAngelesAngels
WashingtonNationals,AtlantaBraves
MilwaukeeBrewers,BaltimoreOrioles
BostonRedSox,DetroitTigers
ClevelandGuardians,KansasCityRoyals
SeattleMariners,MinnesotaTwins
TorontoBlueJays,NewYorkYankees
NewYorkMets,PhiladelphiaPhillies
SanDiegoPadres,SanFranciscoGiants
OaklandAthletics,TampaBayRays
ColoradoRockies,TexasRangers
MiamiMarlins,LosAngelesAngels
HoustonAstros,ArizonaD'Backs
WashingtonNationals,AtlantaBraves
MilwaukeeBrewers,BaltimoreOrioles
SeattleMariners,ChicagoWhiteSox
ClevelandGuardians,CincinnatiReds
BostonRedSox,DetroitTigers
LosAngelesDodgers,MinnesotaTwins
TorontoBlueJays,NewYorkYankees
NewYorkMets,PhiladelphiaPhillies
ChicagoCubs,PittsburghPirates
SanDiegoPadres,SanFranciscoGiants
KansasCityRoyals,St.LouisCardinals
OaklandAthletics,TampaBayRays
ColoradoRockies,TexasRangers
HoustonAstros,ArizonaD'Backs
WashingtonNationals,AtlantaBraves
MilwaukeeBrewers,BaltimoreOrioles
SeattleMariners,ChicagoWhiteSox
ClevelandGuardians,CincinnatiReds
BostonRedSox,DetroitTigers
LosAngelesDodgers,MinnesotaTwins
TorontoBlueJays,NewYorkYankees
NewYorkMets,PhiladelphiaPhillies
ChicagoCubs,PittsburghPirates
SanDiegoPadres,SanFranciscoGiants
OaklandAthletics,TampaBayRays
SeattleMariners,ChicagoWhiteSox
ChicagoCubs,ColoradoRockies
DetroitTigers,KansasCityRoyals
CincinnatiReds,LosAngelesDodgers
PhiladelphiaPhillies,MiamiMarlins
St.LouisCardinals,MilwaukeeBrewers
TorontoBlueJays,NewYorkYankees
WashingtonNationals,PittsburghPirates
AtlantaBraves,SanDiegoPadres
OaklandAthletics,TampaBayRays
LosAngelesAngels,TexasRangers
NewYorkYankees,BaltimoreOrioles
MinnesotaTwins,BostonRedSox
TampaBayRays,ChicagoWhiteSox
SanFranciscoGiants,ClevelandGuardians
ChicagoCubs,ColoradoRockies
DetroitTigers,KansasCityRoyals
CincinnatiReds,LosAngelesDodgers
PhiladelphiaPhillies,MiamiMarlins
St.LouisCardinals,MilwaukeeBrewers
ArizonaD'Backs,NewYorkMets
WashingtonNationals,PittsburghPirates
AtlantaBraves,SanDiegoPadres
HoustonAstros,SeattleMariners
LosAngelesAngels,TexasRangers
OaklandAthletics,TorontoBlueJays
NewYorkYankees,BaltimoreOrioles
MinnesotaTwins,BostonRedSox
TampaBayRays,ChicagoWhiteSox
SanFranciscoGiants,ClevelandGuardians
ChicagoCubs,ColoradoRockies
DetroitTigers,KansasCityRoyals
CincinnatiReds,LosAngelesDodgers
PhiladelphiaPhillies,MiamiMarlins
St.LouisCardinals,MilwaukeeBrewers
ArizonaD'Backs,NewYorkMets
WashingtonNationals,PittsburghPirates
AtlantaBraves,SanDiegoPadres
HoustonAstros,SeattleMariners
LosAngelesAngels,TexasRangers
OaklandAthletics,TorontoBlueJays
NewYorkYankees,BaltimoreOrioles
MinnesotaTwins,BostonRedSox
TampaBayRays,ChicagoWhiteSox
SanFranciscoGiants,ClevelandGuardians
ChicagoCubs,ColoradoRockies
CincinnatiReds,LosAngelesDodgers
PhiladelphiaPhillies,MiamiMarlins
St.LouisCardinals,MilwaukeeBrewers
ArizonaD'Backs,NewYorkMets
WashingtonNationals,PittsburghPirates
AtlantaBraves,SanDiegoPadres
HoustonAstros,SeattleMariners
LosAngelesAngels,TexasRangers
OaklandAthletics,TorontoBlueJays
MinnesotaTwins,BostonRedSox
TampaBayRays,ChicagoCubs
PhiladelphiaPhillies,ColoradoRockies
LosAngelesAngels,HoustonAstros
AtlantaBraves,LosAngelesDodgers
PittsburghPirates,MilwaukeeBrewers
BaltimoreOrioles,OaklandAthletics
CincinnatiReds,SanDiegoPadres
TorontoBlueJays,BostonRedSox
TampaBayRays,ChicagoCubs
PhiladelphiaPhillies,ColoradoRockies
NewYorkYankees,DetroitTigers
LosAngelesAngels,HoustonAstros
MinnesotaTwins,KansasCityRoyals
AtlantaBraves,LosAngelesDodgers
St.LouisCardinals,MiamiMarlins
PittsburghPirates,MilwaukeeBrewers
SanFranciscoGiants,NewYorkMets
SanFranciscoGiants,NewYorkMets
BaltimoreOrioles,OaklandAthletics
CincinnatiReds,SanDiegoPadres
TexasRangers,SeattleMariners
ArizonaD'Backs,WashingtonNationals
ArizonaD'Backs,WashingtonNationals
TorontoBlueJays,BostonRedSox
TampaBayRays,ChicagoCubs
ChicagoWhiteSox,ClevelandGuardians
ChicagoWhiteSox,ClevelandGuardians
PhiladelphiaPhillies,ColoradoRockies
NewYorkYankees,DetroitTigers
LosAngelesAngels,HoustonAstros
MinnesotaTwins,KansasCityRoyals
AtlantaBraves,LosAngelesDodgers
St.LouisCardinals,MiamiMarlins
PittsburghPirates,MilwaukeeBrewers
SanFranciscoGiants,NewYorkMets
BaltimoreOrioles,OaklandAthletics
CincinnatiReds,SanDiegoPadres
TexasRangers,SeattleMariners
ArizonaD'Backs,WashingtonNationals
TorontoBlueJays,BostonRedSox
PittsburghPirates,ChicagoCubs
ChicagoWhiteSox,ClevelandGuardians
NewYorkYankees,DetroitTigers
MinnesotaTwins,KansasCityRoyals
St.LouisCardinals,MiamiMarlins
SanFranciscoGiants,NewYorkMets
BaltimoreOrioles,OaklandAthletics
TexasRangers,SeattleMariners
ArizonaD'Backs,WashingtonNationals
BaltimoreOrioles,LosAngelesAngels
NewYorkMets,ArizonaD'Backs
MiamiMarlins,AtlantaBraves
PittsburghPirates,ChicagoCubs
St.LouisCardinals,CincinnatiReds
TorontoBlueJays,HoustonAstros
ChicagoWhiteSox,MinnesotaTwins
ClevelandGuardians,NewYorkYankees
TexasRangers,OaklandAthletics
MilwaukeeBrewers,PhiladelphiaPhillies
LosAngelesDodgers,SanDiegoPadres
KansasCityRoyals,SeattleMariners
BostonRedSox,TampaBayRays
SanFranciscoGiants,WashingtonNationals
BaltimoreOrioles,LosAngelesAngels
NewYorkMets,ArizonaD'Backs
MiamiMarlins,AtlantaBraves
PittsburghPirates,ChicagoCubs
St.LouisCardinals,CincinnatiReds
ColoradoRockies,DetroitTigers
ColoradoRockies,DetroitTigers
TorontoBlueJays,HoustonAstros
ChicagoWhiteSox,MinnesotaTwins
ClevelandGuardians,NewYorkYankees
TexasRangers,OaklandAthletics
MilwaukeeBrewers,PhiladelphiaPhillies
LosAngelesDodgers,SanDiegoPadres
KansasCityRoyals,SeattleMariners
BostonRedSox,TampaBayRays
SanFranciscoGiants,WashingtonNationals
BaltimoreOrioles,LosAngelesAngels
NewYorkMets,ArizonaD'Backs
MiamiMarlins,AtlantaBraves
PittsburghPirates,ChicagoCubs
St.LouisCardinals,CincinnatiReds
ColoradoRockies,DetroitTigers
TorontoBlueJays,HoustonAstros
ChicagoWhiteSox,MinnesotaTwins
ClevelandGuardians,NewYorkYankees
TexasRangers,OaklandAthletics
MilwaukeeBrewers,PhiladelphiaPhillies
LosAngelesDodgers,SanDiegoPadres
KansasCityRoyals,SeattleMariners
BostonRedSox,TampaBayRays
SanFranciscoGiants,WashingtonNationals
ClevelandGuardians,LosAngelesAngels
LosAngelesDodgers,ArizonaD'Backs
SanFranciscoGiants,MilwaukeeBrewers
ColoradoRockies,PhiladelphiaPhillies
NewYorkMets,St.LouisCardinals
HoustonAstros,TexasRangers
BostonRedSox,TorontoBlueJays
ClevelandGuardians,LosAngelesAngels
LosAngelesDodgers,ArizonaD'Backs
ChicagoCubs,AtlantaBraves
KansasCityRoyals,ChicagoWhiteSox
SanDiegoPadres,CincinnatiReds
DetroitTigers,MinnesotaTwins
BaltimoreOrioles,NewYorkYankees
ColoradoRockies,PhiladelphiaPhillies
MilwaukeeBrewers,PittsburghPirates
OaklandAthletics,SanFranciscoGiants
NewYorkMets,St.LouisCardinals
SeattleMariners,TampaBayRays
HoustonAstros,TexasRangers
BostonRedSox,TorontoBlueJays
MiamiMarlins,WashingtonNationals
ClevelandGuardians,LosAngelesAngels
LosAngelesDodgers,ArizonaD'Backs
ChicagoCubs,AtlantaBraves
KansasCityRoyals,ChicagoWhiteSox
SanDiegoPadres,CincinnatiReds
DetroitTigers,MinnesotaTwins
BaltimoreOrioles,NewYorkYankees
ColoradoRockies,PhiladelphiaPhillies
MilwaukeeBrewers,PittsburghPirates
OaklandAthletics,SanFranciscoGiants
NewYorkMets,St.LouisCardinals
SeattleMariners,TampaBayRays
HoustonAstros,TexasRangers
BostonRedSox,TorontoBlueJays
MiamiMarlins,WashingtonNationals
ClevelandGuardians,LosAngelesAngels
ChicagoCubs,AtlantaBraves
KansasCityRoyals,ChicagoWhiteSox
SanDiegoPadres,CincinnatiReds
DetroitTigers,MinnesotaTwins
BaltimoreOrioles,NewYorkYankees
ColoradoRockies,PhiladelphiaPhillies
MilwaukeeBrewers,PittsburghPirates
ArizonaD'Backs,St.LouisCardinals
SeattleMariners,TampaBayRays
HoustonAstros,TexasRangers
BostonRedSox,TorontoBlueJays
MiamiMarlins,WashingtonNationals
BostonRedSox,BaltimoreOrioles
LosAngelesAngels,ChicagoWhiteSox
CincinnatiReds,ColoradoRockies
NewYorkYankees,KansasCityRoyals
DetroitTigers,LosAngelesDodgers
SeattleMariners,MiamiMarlins
ChicagoCubs,MilwaukeeBrewers
PhiladelphiaPhillies,NewYorkMets
ClevelandGuardians,OaklandAthletics
SanDiegoPadres,PittsburghPirates
WashingtonNationals,SanFranciscoGiants
ArizonaD'Backs,St.LouisCardinals
MinnesotaTwins,TampaBayRays
AtlantaBraves,TexasRangers
HoustonAstros,TorontoBlueJays
BostonRedSox,BaltimoreOrioles
LosAngelesAngels,ChicagoWhiteSox
CincinnatiReds,ColoradoRockies
NewYorkYankees,KansasCityRoyals
DetroitTigers,LosAngelesDodgers
SeattleMariners,MiamiMarlins
ChicagoCubs,MilwaukeeBrewers
PhiladelphiaPhillies,NewYorkMets
ClevelandGuardians,OaklandAthletics
SanDiegoPadres,PittsburghPirates
WashingtonNationals,SanFranciscoGiants
ArizonaD'Backs,St.LouisCardinals
MinnesotaTwins,TampaBayRays
AtlantaBraves,TexasRangers
HoustonAstros,TorontoBlueJays
BostonRedSox,BaltimoreOrioles
LosAngelesAngels,ChicagoWhiteSox
CincinnatiReds,ColoradoRockies
NewYorkYankees,KansasCityRoyals
DetroitTigers,LosAngelesDodgers
SeattleMariners,MiamiMarlins
ChicagoCubs,MilwaukeeBrewers
PhiladelphiaPhillies,NewYorkMets
ClevelandGuardians,OaklandAthletics
SanDiegoPadres,PittsburghPirates
WashingtonNationals,SanFranciscoGiants
ArizonaD'Backs,St.LouisCardinals
MinnesotaTwins,TampaBayRays
AtlantaBraves,TexasRangers
HoustonAstros,TorontoBlueJays
MinnesotaTwins,BaltimoreOrioles
LosAngelesAngels,ChicagoWhiteSox
SeattleMariners,HoustonAstros
ArizonaD'Backs,MiamiMarlins
AtlantaBraves,NewYorkMets
TampaBayRays,OaklandAthletics
KansasCityRoyals,St.LouisCardinals
NewYorkYankees,TorontoBlueJays
MinnesotaTwins,BaltimoreOrioles
LosAngelesAngels,BostonRedSox
ChicagoWhiteSox,ChicagoCubs
WashingtonNationals,ColoradoRockies
SeattleMariners,HoustonAstros
St.LouisCardinals,KansasCityRoyals
SanFranciscoGiants,LosAngelesDodgers
ArizonaD'Backs,MiamiMarlins
CincinnatiReds,MilwaukeeBrewers
AtlantaBraves,NewYorkMets
AtlantaBraves,NewYorkMets
TampaBayRays,OaklandAthletics
TexasRangers,PhiladelphiaPhillies
NewYorkYankees,TorontoBlueJays
MinnesotaTwins,BaltimoreOrioles
LosAngelesAngels,BostonRedSox
ChicagoWhiteSox,ChicagoCubs
SanDiegoPadres,ClevelandGuardians
SanDiegoPadres,ClevelandGuardians
WashingtonNationals,ColoradoRockies
PittsburghPirates,DetroitTigers
PittsburghPirates,DetroitTigers
SeattleMariners,HoustonAstros
St.LouisCardinals,KansasCityRoyals
SanFranciscoGiants,LosAngelesDodgers
ArizonaD'Backs,MiamiMarlins
CincinnatiReds,MilwaukeeBrewers
AtlantaBraves,NewYorkMets
TampaBayRays,OaklandAthletics
TexasRangers,PhiladelphiaPhillies
NewYorkYankees,TorontoBlueJays
MinnesotaTwins,BaltimoreOrioles
LosAngelesAngels,BostonRedSox
TorontoBlueJays,ClevelandGuardians
WashingtonNationals,ColoradoRockies
DetroitTigers,HoustonAstros
CincinnatiReds,MilwaukeeBrewers
NewYorkMets,PhiladelphiaPhillies
MiamiMarlins,SanDiegoPadres
TampaBayRays,SeattleMariners
St.LouisCardinals,SanFranciscoGiants
WashingtonNationals,LosAngelesAngels
ColoradoRockies,ArizonaD'Backs
MilwaukeeBrewers,AtlantaBraves
ChicagoWhiteSox,BostonRedSox
DetroitTigers,HoustonAstros
OaklandAthletics,MinnesotaTwins
MiamiMarlins,SanDiegoPadres
TampaBayRays,SeattleMariners
St.LouisCardinals,SanFranciscoGiants
WashingtonNationals,LosAngelesAngels
ColoradoRockies,ArizonaD'Backs
MilwaukeeBrewers,AtlantaBraves
ChicagoWhiteSox,BostonRedSox
LosAngelesDodgers,ChicagoCubs
LosAngelesDodgers,ChicagoCubs
PittsburghPirates,CincinnatiReds
PittsburghPirates,CincinnatiReds
TorontoBlueJays,ClevelandGuardians
TorontoBlueJays,ClevelandGuardians
DetroitTigers,HoustonAstros
OaklandAthletics,MinnesotaTwins
MiamiMarlins,SanDiegoPadres
TampaBayRays,SeattleMariners
St.LouisCardinals,SanFranciscoGiants
WashingtonNationals,LosAngelesAngels
ColoradoRockies,ArizonaD'Backs
MilwaukeeBrewers,AtlantaBraves
KansasCityRoyals,BaltimoreOrioles
KansasCityRoyals,BaltimoreOrioles
ChicagoWhiteSox,BostonRedSox
LosAngelesDodgers,ChicagoCubs
PittsburghPirates,CincinnatiReds
TorontoBlueJays,ClevelandGuardians
DetroitTigers,HoustonAstros
OaklandAthletics,MinnesotaTwins
TexasRangers,NewYorkYankees
TexasRangers,NewYorkYankees
NewYorkMets,PhiladelphiaPhillies
NewYorkMets,PhiladelphiaPhillies
MiamiMarlins,SanDiegoPadres
TampaBayRays,SeattleMariners
St.LouisCardinals,SanFranciscoGiants
TampaBayRays,LosAngelesAngels
MiamiMarlins,ArizonaD'Backs
KansasCityRoyals,BaltimoreOrioles
ClevelandGuardians,ChicagoWhiteSox
MilwaukeeBrewers,CincinnatiReds
OaklandAthletics,DetroitTigers
TexasRangers,NewYorkYankees
LosAngelesDodgers,PittsburghPirates
ChicagoCubs,SanDiegoPadres
PhiladelphiaPhillies,SeattleMariners
ColoradoRockies,SanFranciscoGiants
TampaBayRays,LosAngelesAngels
MiamiMarlins,ArizonaD'Backs
BostonRedSox,AtlantaBraves
ClevelandGuardians,ChicagoWhiteSox
MilwaukeeBrewers,CincinnatiReds
OaklandAthletics,DetroitTigers
OaklandAthletics,DetroitTigers
HoustonAstros,MinnesotaTwins
TorontoBlueJays,NewYorkYankees
LosAngelesDodgers,PittsburghPirates
ChicagoCubs,SanDiegoPadres
PhiladelphiaPhillies,SeattleMariners
ColoradoRockies,SanFranciscoGiants
BaltimoreOrioles,St.LouisCardinals
KansasCityRoyals,TexasRangers
NewYorkMets,WashingtonNationals
TampaBayRays,LosAngelesAngels
MiamiMarlins,ArizonaD'Backs
BostonRedSox,AtlantaBraves
MilwaukeeBrewers,CincinnatiReds
OaklandAthletics,DetroitTigers
HoustonAstros,MinnesotaTwins
TorontoBlueJays,NewYorkYankees
LosAngelesDodgers,PittsburghPirates
ChicagoCubs,SanDiegoPadres
PhiladelphiaPhillies,SeattleMariners
ColoradoRockies,SanFranciscoGiants
BaltimoreOrioles,St.LouisCardinals
KansasCityRoyals,TexasRangers
NewYorkMets,WashingtonNationals
NewYorkYankees,ChicagoWhiteSox
OaklandAthletics,DetroitTigers
PhiladelphiaPhillies,LosAngelesDodgers
HoustonAstros,MinnesotaTwins
CincinnatiReds,PittsburghPirates
BaltimoreOrioles,St.LouisCardinals
KansasCityRoyals,TexasRangers
NewYorkMets,WashingtonNationals
ChicagoCubs,ArizonaD'Backs
SanDiegoPadres,AtlantaBraves
NewYorkYankees,ChicagoWhiteSox
KansasCityRoyals,ColoradoRockies
BaltimoreOrioles,DetroitTigers
PhiladelphiaPhillies,LosAngelesDodgers
MilwaukeeBrewers,MiamiMarlins
ClevelandGuardians,MinnesotaTwins
SeattleMariners,NewYorkMets
LosAngelesAngels,OaklandAthletics
CincinnatiReds,PittsburghPirates
SanFranciscoGiants,St.LouisCardinals
TorontoBlueJays,TampaBayRays
BostonRedSox,TexasRangers
HoustonAstros,WashingtonNationals
ChicagoCubs,ArizonaD'Backs
SanDiegoPadres,AtlantaBraves
NewYorkYankees,ChicagoWhiteSox
KansasCityRoyals,ColoradoRockies
BaltimoreOrioles,DetroitTigers
PhiladelphiaPhillies,LosAngelesDodgers
MilwaukeeBrewers,MiamiMarlins
ClevelandGuardians,MinnesotaTwins
SeattleMariners,NewYorkMets
LosAngelesAngels,OaklandAthletics
LosAngelesAngels,OaklandAthletics
CincinnatiReds,PittsburghPirates
SanFranciscoGiants,St.LouisCardinals
TorontoBlueJays,TampaBayRays
BostonRedSox,TexasRangers
HoustonAstros,WashingtonNationals
ChicagoCubs,ArizonaD'Backs
SanDiegoPadres,AtlantaBraves
NewYorkYankees,ChicagoWhiteSox
KansasCityRoyals,ColoradoRockies
BaltimoreOrioles,DetroitTigers
PhiladelphiaPhillies,LosAngelesDodgers
MilwaukeeBrewers,MiamiMarlins
ClevelandGuardians,MinnesotaTwins
SeattleMariners,NewYorkMets
LosAngelesAngels,OaklandAthletics
CincinnatiReds,PittsburghPirates
SanFranciscoGiants,St.LouisCardinals
TorontoBlueJays,TampaBayRays
BostonRedSox,TexasRangers
HoustonAstros,WashingtonNationals
NewYorkYankees,BaltimoreOrioles
HoustonAstros,BostonRedSox
PittsburghPirates,ChicagoCubs
SanFranciscoGiants,ColoradoRockies
ChicagoWhiteSox,KansasCityRoyals
ArizonaD'Backs,LosAngelesDodgers
WashingtonNationals,MiamiMarlins
AtlantaBraves,MilwaukeeBrewers
MinnesotaTwins,OaklandAthletics
DetroitTigers,TampaBayRays
LosAngelesAngels,TexasRangers
SeattleMariners,TorontoBlueJays
NewYorkYankees,BaltimoreOrioles
HoustonAstros,BostonRedSox
PittsburghPirates,ChicagoCubs
CincinnatiReds,ClevelandGuardians
SanFranciscoGiants,ColoradoRockies
ChicagoWhiteSox,KansasCityRoyals
ChicagoWhiteSox,KansasCityRoyals
ArizonaD'Backs,LosAngelesDodgers
ArizonaD'Backs,LosAngelesDodgers
WashingtonNationals,MiamiMarlins
AtlantaBraves,MilwaukeeBrewers
St.LouisCardinals,NewYorkMets
St.LouisCardinals,NewYorkMets
MinnesotaTwins,OaklandAthletics
SanDiegoPadres,PhiladelphiaPhillies
DetroitTigers,TampaBayRays
LosAngelesAngels,TexasRangers
SeattleMariners,TorontoBlueJays
NewYorkYankees,BaltimoreOrioles
HoustonAstros,BostonRedSox
PittsburghPirates,ChicagoCubs
SanFranciscoGiants,ColoradoRockies
ChicagoWhiteSox,KansasCityRoyals
ArizonaD'Backs,LosAngelesDodgers
WashingtonNationals,MiamiMarlins
AtlantaBraves,MilwaukeeBrewers
St.LouisCardinals,NewYorkMets
MinnesotaTwins,OaklandAthletics
SanDiegoPadres,PhiladelphiaPhillies
DetroitTigers,TampaBayRays
LosAngelesAngels,TexasRangers
SeattleMariners,TorontoBlueJays
NewYorkYankees,BaltimoreOrioles
SeattleMariners,BostonRedSox
ArizonaD'Backs,ChicagoCubs
CincinnatiReds,ClevelandGuardians
TexasRangers,HoustonAstros
ChicagoWhiteSox,KansasCityRoyals
St.LouisCardinals,NewYorkMets
SanDiegoPadres,PhiladelphiaPhillies
OaklandAthletics,LosAngelesAngels
TampaBayRays,BaltimoreOrioles
SeattleMariners,BostonRedSox
ArizonaD'Backs,ChicagoCubs
DetroitTigers,ClevelandGuardians
TexasRangers,HoustonAstros
MinnesotaTwins,KansasCityRoyals
AtlantaBraves,MiamiMarlins
WashingtonNationals,MilwaukeeBrewers
LosAngelesDodgers,PhiladelphiaPhillies
St.LouisCardinals,PittsburghPirates
SanDiegoPadres,SanFranciscoGiants
CincinnatiReds,TorontoBlueJays
OaklandAthletics,LosAngelesAngels
TampaBayRays,BaltimoreOrioles
SeattleMariners,BostonRedSox
ArizonaD'Backs,ChicagoCubs
NewYorkMets,ColoradoRockies
NewYorkMets,ColoradoRockies
TexasRangers,HoustonAstros
MinnesotaTwins,KansasCityRoyals
AtlantaBraves,MiamiMarlins
WashingtonNationals,MilwaukeeBrewers
ChicagoWhiteSox,NewYorkYankees
LosAngelesDodgers,PhiladelphiaPhillies
St.LouisCardinals,PittsburghPirates
SanDiegoPadres,SanFranciscoGiants
CincinnatiReds,TorontoBlueJays
OaklandAthletics,LosAngelesAngels
TampaBayRays,BaltimoreOrioles
SeattleMariners,BostonRedSox
ArizonaD'Backs,ChicagoCubs
DetroitTigers,ClevelandGuardians
NewYorkMets,ColoradoRockies
TexasRangers,HoustonAstros
MinnesotaTwins,KansasCityRoyals
AtlantaBraves,MiamiMarlins
WashingtonNationals,MilwaukeeBrewers
ChicagoWhiteSox,NewYorkYankees
ChicagoWhiteSox,NewYorkYankees
LosAngelesDodgers,PhiladelphiaPhillies
St.LouisCardinals,PittsburghPirates
SanDiegoPadres,SanFranciscoGiants
CincinnatiReds,TorontoBlueJays
KansasCityRoyals,ArizonaD'Backs
PhiladelphiaPhillies,AtlantaBraves
ChicagoCubs,CincinnatiReds
ClevelandGuardians,HoustonAstros
DetroitTigers,MinnesotaTwins
BaltimoreOrioles,NewYorkYankees
ColoradoRockies,PittsburghPirates
MilwaukeeBrewers,SanDiegoPadres
OaklandAthletics,SeattleMariners
NewYorkMets,SanFranciscoGiants
TorontoBlueJays,St.LouisCardinals
LosAngelesDodgers,WashingtonNationals
TexasRangers,LosAngelesAngels
KansasCityRoyals,ArizonaD'Backs
PhiladelphiaPhillies,AtlantaBraves
BostonRedSox,ChicagoWhiteSox
ChicagoCubs,CincinnatiReds
ClevelandGuardians,HoustonAstros
DetroitTigers,MinnesotaTwins
BaltimoreOrioles,NewYorkYankees
ColoradoRockies,PittsburghPirates
MilwaukeeBrewers,SanDiegoPadres
OaklandAthletics,SeattleMariners
NewYorkMets,SanFranciscoGiants
TorontoBlueJays,St.LouisCardinals
MiamiMarlins,TampaBayRays
LosAngelesDodgers,WashingtonNationals
TexasRangers,LosAngelesAngels
PhiladelphiaPhillies,AtlantaBraves
BostonRedSox,ChicagoWhiteSox
ChicagoCubs,CincinnatiReds
ClevelandGuardians,HoustonAstros
DetroitTigers,MinnesotaTwins
BaltimoreOrioles,NewYorkYankees
ColoradoRockies,PittsburghPirates
MilwaukeeBrewers,SanDiegoPadres
OaklandAthletics,SeattleMariners
NewYorkMets,SanFranciscoGiants
MiamiMarlins,TampaBayRays
LosAngelesDodgers,WashingtonNationals
TorontoBlueJays,LosAngelesAngels
LosAngelesDodgers,ArizonaD'Backs
PhiladelphiaPhillies,AtlantaBraves
BostonRedSox,ChicagoWhiteSox
ChicagoCubs,CincinnatiReds
ClevelandGuardians,DetroitTigers
KansasCityRoyals,MinnesotaTwins
TexasRangers,OaklandAthletics
MilwaukeeBrewers,St.LouisCardinals
NewYorkYankees,TampaBayRays
ColoradoRockies,WashingtonNationals
TorontoBlueJays,LosAngelesAngels
LosAngelesDodgers,ArizonaD'Backs
MiamiMarlins,AtlantaBraves
BaltimoreOrioles,BostonRedSox
SanFranciscoGiants,CincinnatiReds
KansasCityRoyals,MinnesotaTwins
PhiladelphiaPhillies,NewYorkMets
TexasRangers,OaklandAthletics
PittsburghPirates,SanDiegoPadres
HoustonAstros,SeattleMariners
MilwaukeeBrewers,St.LouisCardinals
NewYorkYankees,TampaBayRays
TorontoBlueJays,LosAngelesAngels
LosAngelesDodgers,ArizonaD'Backs
MiamiMarlins,AtlantaBraves
BaltimoreOrioles,BostonRedSox
BaltimoreOrioles,BostonRedSox
ChicagoCubs,ChicagoWhiteSox
SanFranciscoGiants,CincinnatiReds
ClevelandGuardians,DetroitTigers
KansasCityRoyals,MinnesotaTwins
PhiladelphiaPhillies,NewYorkMets
TexasRangers,OaklandAthletics
PittsburghPirates,SanDiegoPadres
HoustonAstros,SeattleMariners
MilwaukeeBrewers,St.LouisCardinals
NewYorkYankees,TampaBayRays
ColoradoRockies,WashingtonNationals
ColoradoRockies,WashingtonNationals
TorontoBlueJays,LosAngelesAngels
LosAngelesDodgers,ArizonaD'Backs
MiamiMarlins,AtlantaBraves
BaltimoreOrioles,BostonRedSox
ChicagoCubs,ChicagoWhiteSox
SanFranciscoGiants,CincinnatiReds
ClevelandGuardians,DetroitTigers
KansasCityRoyals,MinnesotaTwins
PhiladelphiaPhillies,NewYorkMets
TexasRangers,OaklandAthletics
PittsburghPirates,SanDiegoPadres
HoustonAstros,SeattleMariners
MilwaukeeBrewers,St.LouisCardinals
NewYorkYankees,TampaBayRays
ColoradoRockies,WashingtonNationals
AtlantaBraves,ArizonaD'Backs
BaltimoreOrioles,BostonRedSox
MilwaukeeBrewers,ChicagoCubs
MilwaukeeBrewers,ChicagoCubs
KansasCityRoyals,ClevelandGuardians
MiamiMarlins,ColoradoRockies
MinnesotaTwins,DetroitTigers
PittsburghPirates,LosAngelesDodgers
WashingtonNationals,NewYorkMets
HoustonAstros,OaklandAthletics
SanFranciscoGiants,PhiladelphiaPhillies
SanDiegoPadres,St.LouisCardinals
TampaBayRays,TexasRangers
AtlantaBraves,ArizonaD'Backs
SeattleMariners,BaltimoreOrioles
CincinnatiReds,BostonRedSox
MilwaukeeBrewers,ChicagoCubs
KansasCityRoyals,ClevelandGuardians
MinnesotaTwins,DetroitTigers
MinnesotaTwins,DetroitTigers
PittsburghPirates,LosAngelesDodgers
LosAngelesAngels,NewYorkYankees
WashingtonNationals,NewYorkMets
HoustonAstros,OaklandAthletics
SanFranciscoGiants,PhiladelphiaPhillies
SanDiegoPadres,St.LouisCardinals
TampaBayRays,TexasRangers
ChicagoWhiteSox,TorontoBlueJays
AtlantaBraves,ArizonaD'Backs
SeattleMariners,BaltimoreOrioles
CincinnatiReds,BostonRedSox
MilwaukeeBrewers,ChicagoCubs
KansasCityRoyals,ClevelandGuardians
MiamiMarlins,ColoradoRockies
MiamiMarlins,ColoradoRockies
MinnesotaTwins,DetroitTigers
PittsburghPirates,LosAngelesDodgers
WashingtonNationals,NewYorkMets
HoustonAstros,OaklandAthletics
SanFranciscoGiants,PhiladelphiaPhillies
SanDiegoPadres,St.LouisCardinals
TampaBayRays,TexasRangers
ChicagoWhiteSox,TorontoBlueJays
SeattleMariners,BaltimoreOrioles
St.LouisCardinals,ChicagoCubs
WashingtonNationals,CincinnatiReds
AtlantaBraves,ColoradoRockies
MinnesotaTwins,DetroitTigers
NewYorkMets,LosAngelesDodgers
SanFranciscoGiants,MiamiMarlins
SanDiegoPadres,MilwaukeeBrewers
LosAngelesAngels,NewYorkYankees
LosAngelesAngels,NewYorkYankees
TampaBayRays,TexasRangers
ChicagoWhiteSox,TorontoBlueJays
ClevelandGuardians,BaltimoreOrioles
St.LouisCardinals,ChicagoCubs
WashingtonNationals,CincinnatiReds
AtlantaBraves,ColoradoRockies
HoustonAstros,KansasCityRoyals
NewYorkMets,LosAngelesDodgers
SanFranciscoGiants,MiamiMarlins
SanDiegoPadres,MilwaukeeBrewers
DetroitTigers,NewYorkYankees
BostonRedSox,OaklandAthletics
LosAngelesAngels,PhiladelphiaPhillies
ArizonaD'Backs,PittsburghPirates
ChicagoWhiteSox,TampaBayRays
SeattleMariners,TexasRangers
MinnesotaTwins,TorontoBlueJays
ClevelandGuardians,BaltimoreOrioles
St.LouisCardinals,ChicagoCubs
St.LouisCardinals,ChicagoCubs
WashingtonNationals,CincinnatiReds
AtlantaBraves,ColoradoRockies
HoustonAstros,KansasCityRoyals
NewYorkMets,LosAngelesDodgers
SanFranciscoGiants,MiamiMarlins
SanDiegoPadres,MilwaukeeBrewers
DetroitTigers,NewYorkYankees
BostonRedSox,OaklandAthletics
LosAngelesAngels,PhiladelphiaPhillies
ArizonaD'Backs,PittsburghPirates
ChicagoWhiteSox,TampaBayRays
SeattleMariners,TexasRangers
MinnesotaTwins,TorontoBlueJays
ClevelandGuardians,BaltimoreOrioles
St.LouisCardinals,ChicagoCubs
WashingtonNationals,CincinnatiReds
AtlantaBraves,ColoradoRockies
HoustonAstros,KansasCityRoyals
NewYorkMets,LosAngelesDodgers
SanFranciscoGiants,MiamiMarlins
SanDiegoPadres,MilwaukeeBrewers
DetroitTigers,NewYorkYankees
BostonRedSox,OaklandAthletics
LosAngelesAngels,PhiladelphiaPhillies
ArizonaD'Backs,PittsburghPirates
ChicagoWhiteSox,TampaBayRays
SeattleMariners,TexasRangers
MinnesotaTwins,TorontoBlueJays
BostonRedSox,LosAngelesAngels
ArizonaD'Backs,CincinnatiReds
SeattleMariners,HoustonAstros
TorontoBlueJays,KansasCityRoyals
NewYorkMets,SanDiegoPadres
BostonRedSox,LosAngelesAngels
OaklandAthletics,AtlantaBraves
ChicagoCubs,BaltimoreOrioles
LosAngelesDodgers,ChicagoWhiteSox
ArizonaD'Backs,CincinnatiReds
TexasRangers,ClevelandGuardians
TexasRangers,ClevelandGuardians
SeattleMariners,HoustonAstros
TorontoBlueJays,KansasCityRoyals
WashingtonNationals,MiamiMarlins
PhiladelphiaPhillies,MilwaukeeBrewers
NewYorkYankees,MinnesotaTwins
DetroitTigers,PittsburghPirates
NewYorkMets,SanDiegoPadres
ColoradoRockies,SanFranciscoGiants
St.LouisCardinals,TampaBayRays
BostonRedSox,LosAngelesAngels
OaklandAthletics,AtlantaBraves
LosAngelesDodgers,ChicagoWhiteSox
ArizonaD'Backs,CincinnatiReds
TexasRangers,ClevelandGuardians
SeattleMariners,HoustonAstros
TorontoBlueJays,KansasCityRoyals
WashingtonNationals,MiamiMarlins
PhiladelphiaPhillies,MilwaukeeBrewers
NewYorkYankees,MinnesotaTwins
DetroitTigers,PittsburghPirates
NewYorkMets,SanDiegoPadres
ColoradoRockies,SanFranciscoGiants
St.LouisCardinals,TampaBayRays
BostonRedSox,LosAngelesAngels
PittsburghPirates,AtlantaBraves
LosAngelesDodgers,ChicagoWhiteSox
ArizonaD'Backs,CincinnatiReds
OaklandAthletics,ClevelandGuardians
BaltimoreOrioles,KansasCityRoyals
WashingtonNationals,MiamiMarlins
PhiladelphiaPhillies,MilwaukeeBrewers
NewYorkYankees,MinnesotaTwins
ColoradoRockies,SanFranciscoGiants
St.LouisCardinals,TampaBayRays
NewYorkMets,LosAngelesAngels
PittsburghPirates,AtlantaBraves
TexasRangers,ChicagoWhiteSox
OaklandAthletics,ClevelandGuardians
TorontoBlueJays,DetroitTigers
MiamiMarlins,HoustonAstros
BaltimoreOrioles,KansasCityRoyals
TampaBayRays,MinnesotaTwins
ChicagoCubs,NewYorkYankees
ArizonaD'Backs,PhiladelphiaPhillies
ColoradoRockies,SanDiegoPadres
BostonRedSox,SeattleMariners
LosAngelesDodgers,SanFranciscoGiants
CincinnatiReds,St.LouisCardinals
MilwaukeeBrewers,WashingtonNationals
NewYorkMets,LosAngelesAngels
PittsburghPirates,AtlantaBraves
TexasRangers,ChicagoWhiteSox
OaklandAthletics,ClevelandGuardians
TorontoBlueJays,DetroitTigers
MiamiMarlins,HoustonAstros
BaltimoreOrioles,KansasCityRoyals
TampaBayRays,MinnesotaTwins
ChicagoCubs,NewYorkYankees
ArizonaD'Backs,PhiladelphiaPhillies
ColoradoRockies,SanDiegoPadres
ColoradoRockies,SanDiegoPadres
BostonRedSox,SeattleMariners
LosAngelesDodgers,SanFranciscoGiants
CincinnatiReds,St.LouisCardinals
MilwaukeeBrewers,WashingtonNationals
NewYorkMets,LosAngelesAngels
PittsburghPirates,AtlantaBraves
TexasRangers,ChicagoWhiteSox
OaklandAthletics,ClevelandGuardians
TorontoBlueJays,DetroitTigers
MiamiMarlins,HoustonAstros
BaltimoreOrioles,KansasCityRoyals
TampaBayRays,MinnesotaTwins
ChicagoCubs,NewYorkYankees
ArizonaD'Backs,PhiladelphiaPhillies
ColoradoRockies,SanDiegoPadres
BostonRedSox,SeattleMariners
LosAngelesDodgers,SanFranciscoGiants
CincinnatiReds,St.LouisCardinals
MilwaukeeBrewers,WashingtonNationals
CincinnatiReds,ArizonaD'Backs
SanDiegoPadres,ChicagoCubs
ChicagoWhiteSox,DetroitTigers
MiamiMarlins,PhiladelphiaPhillies
MinnesotaTwins,SeattleMariners
KansasCityRoyals,SanFranciscoGiants
PittsburghPirates,St.LouisCardinals
HoustonAstros,TexasRangers
BaltimoreOrioles,TorontoBlueJays
AtlantaBraves,WashingtonNationals
CincinnatiReds,ArizonaD'Backs
OaklandAthletics,BostonRedSox
SanDiegoPadres,ChicagoCubs
ClevelandGuardians,ColoradoRockies
ChicagoWhiteSox,DetroitTigers
LosAngelesAngels,LosAngelesDodgers
TampaBayRays,NewYorkYankees
MilwaukeeBrewers,NewYorkMets
MiamiMarlins,PhiladelphiaPhillies
MinnesotaTwins,SeattleMariners
KansasCityRoyals,SanFranciscoGiants
PittsburghPirates,St.LouisCardinals
PittsburghPirates,St.LouisCardinals
HoustonAstros,TexasRangers
BaltimoreOrioles,TorontoBlueJays
AtlantaBraves,WashingtonNationals
CincinnatiReds,ArizonaD'Backs
OaklandAthletics,BostonRedSox
SanDiegoPadres,ChicagoCubs
ClevelandGuardians,ColoradoRockies
ChicagoWhiteSox,DetroitTigers
LosAngelesAngels,LosAngelesDodgers
TampaBayRays,NewYorkYankees
MilwaukeeBrewers,NewYorkMets
MiamiMarlins,PhiladelphiaPhillies
MinnesotaTwins,SeattleMariners
KansasCityRoyals,SanFranciscoGiants
PittsburghPirates,St.LouisCardinals
HoustonAstros,TexasRangers
BaltimoreOrioles,TorontoBlueJays
AtlantaBraves,WashingtonNationals
OaklandAthletics,BostonRedSox
SanDiegoPadres,ChicagoCubs
ClevelandGuardians,ColoradoRockies
TexasRangers,DetroitTigers
TampaBayRays,NewYorkYankees
MilwaukeeBrewers,NewYorkMets
LosAngelesAngels,SeattleMariners
BaltimoreOrioles,TorontoBlueJays
PhiladelphiaPhillies,WashingtonNationals
MinnesotaTwins,ArizonaD'Backs
TampaBayRays,BaltimoreOrioles
St.LouisCardinals,BostonRedSox
AtlantaBraves,ChicagoCubs
MilwaukeeBrewers,CincinnatiReds
SanDiegoPadres,ColoradoRockies
TexasRangers,DetroitTigers
ChicagoWhiteSox,HoustonAstros
ClevelandGuardians,LosAngelesDodgers
MiamiMarlins,NewYorkMets
KansasCityRoyals,OaklandAthletics
SanFranciscoGiants,PittsburghPirates
LosAngelesAngels,SeattleMariners
NewYorkYankees,TorontoBlueJays
PhiladelphiaPhillies,WashingtonNationals
PhiladelphiaPhillies,WashingtonNationals
MinnesotaTwins,ArizonaD'Backs
TampaBayRays,BaltimoreOrioles
St.LouisCardinals,BostonRedSox
AtlantaBraves,ChicagoCubs
MilwaukeeBrewers,CincinnatiReds
SanDiegoPadres,ColoradoRockies
TexasRangers,DetroitTigers
ChicagoWhiteSox,HoustonAstros
ClevelandGuardians,LosAngelesDodgers
MiamiMarlins,NewYorkMets
KansasCityRoyals,OaklandAthletics
SanFranciscoGiants,PittsburghPirates
LosAngelesAngels,SeattleMariners
LosAngelesAngels,SeattleMariners
NewYorkYankees,TorontoBlueJays
PhiladelphiaPhillies,WashingtonNationals
MinnesotaTwins,ArizonaD'Backs
TampaBayRays,BaltimoreOrioles
St.LouisCardinals,BostonRedSox
AtlantaBraves,ChicagoCubs
MilwaukeeBrewers,CincinnatiReds
SanDiegoPadres,ColoradoRockies
TexasRangers,DetroitTigers
ChicagoWhiteSox,HoustonAstros
ClevelandGuardians,LosAngelesDodgers
MiamiMarlins,NewYorkMets
KansasCityRoyals,OaklandAthletics
SanFranciscoGiants,PittsburghPirates
LosAngelesAngels,SeattleMariners
NewYorkYankees,TorontoBlueJays
PhiladelphiaPhillies,WashingtonNationals
KansasCityRoyals,LosAngelesAngels
SanFranciscoGiants,AtlantaBraves
DetroitTigers,BostonRedSox
TorontoBlueJays,ChicagoWhiteSox
St.LouisCardinals,MilwaukeeBrewers
MiamiMarlins,NewYorkMets
ChicagoCubs,PittsburghPirates
ArizonaD'Backs,SanDiegoPadres
NewYorkYankees,TampaBayRays
KansasCityRoyals,LosAngelesAngels
SanFranciscoGiants,AtlantaBraves
WashingtonNationals,BaltimoreOrioles
DetroitTigers,BostonRedSox
TorontoBlueJays,ChicagoWhiteSox
LosAngelesDodgers,CincinnatiReds
NewYorkMets,HoustonAstros
ColoradoRockies,MiamiMarlins
St.LouisCardinals,MilwaukeeBrewers
ClevelandGuardians,MinnesotaTwins
SeattleMariners,OaklandAthletics
ChicagoCubs,PittsburghPirates
ArizonaD'Backs,SanDiegoPadres
NewYorkYankees,TampaBayRays
PhiladelphiaPhillies,TexasRangers
KansasCityRoyals,LosAngelesAngels
SanFranciscoGiants,AtlantaBraves
WashingtonNationals,BaltimoreOrioles
DetroitTigers,BostonRedSox
TorontoBlueJays,ChicagoWhiteSox
LosAngelesDodgers,CincinnatiReds
NewYorkMets,HoustonAstros
ColoradoRockies,MiamiMarlins
St.LouisCardinals,MilwaukeeBrewers
ClevelandGuardians,MinnesotaTwins
SeattleMariners,OaklandAthletics
ChicagoCubs,PittsburghPirates
ArizonaD'Backs,SanDiegoPadres
NewYorkYankees,TampaBayRays
PhiladelphiaPhillies,TexasRangers
SanFranciscoGiants,AtlantaBraves
BaltimoreOrioles,ChicagoWhiteSox
LosAngelesDodgers,CincinnatiReds
ColoradoRockies,MiamiMarlins
St.LouisCardinals,MilwaukeeBrewers
ClevelandGuardians,MinnesotaTwins
HoustonAstros,NewYorkYankees
SeattleMariners,OaklandAthletics
ChicagoCubs,PittsburghPirates
PhiladelphiaPhillies,SanDiegoPadres
SeattleMariners,LosAngelesAngels
DetroitTigers,ArizonaD'Backs
LosAngelesDodgers,AtlantaBraves
BaltimoreOrioles,ChicagoWhiteSox
BostonRedSox,ClevelandGuardians
OaklandAthletics,KansasCityRoyals
NewYorkMets,MiamiMarlins
TorontoBlueJays,MilwaukeeBrewers
ColoradoRockies,MinnesotaTwins
HoustonAstros,NewYorkYankees
PhiladelphiaPhillies,SanDiegoPadres
CincinnatiReds,SanFranciscoGiants
ChicagoCubs,St.LouisCardinals
PittsburghPirates,TampaBayRays
WashingtonNationals,TexasRangers
SeattleMariners,LosAngelesAngels
DetroitTigers,ArizonaD'Backs
LosAngelesDodgers,AtlantaBraves
BaltimoreOrioles,ChicagoWhiteSox
BostonRedSox,ClevelandGuardians
OaklandAthletics,KansasCityRoyals
NewYorkMets,MiamiMarlins
TorontoBlueJays,MilwaukeeBrewers
ColoradoRockies,MinnesotaTwins
HoustonAstros,NewYorkYankees
PhiladelphiaPhillies,SanDiegoPadres
CincinnatiReds,SanFranciscoGiants
ChicagoCubs,St.LouisCardinals
PittsburghPirates,TampaBayRays
WashingtonNationals,TexasRangers
SeattleMariners,LosAngelesAngels
DetroitTigers,ArizonaD'Backs
LosAngelesDodgers,AtlantaBraves
BaltimoreOrioles,ChicagoWhiteSox
BostonRedSox,ClevelandGuardians
OaklandAthletics,KansasCityRoyals
NewYorkMets,MiamiMarlins
TorontoBlueJays,MilwaukeeBrewers
ColoradoRockies,MinnesotaTwins
HoustonAstros,NewYorkYankees
PhiladelphiaPhillies,SanDiegoPadres
CincinnatiReds,SanFranciscoGiants
ChicagoCubs,St.LouisCardinals
PittsburghPirates,TampaBayRays
WashingtonNationals,TexasRangers
ChicagoWhiteSox,LosAngelesAngels
MinnesotaTwins,ClevelandGuardians
LosAngelesDodgers,ColoradoRockies
TexasRangers,KansasCityRoyals
OaklandAthletics,NewYorkYankees
BaltimoreOrioles,SeattleMariners
MiamiMarlins,St.LouisCardinals
BostonRedSox,TorontoBlueJays
PittsburghPirates,WashingtonNationals
ChicagoWhiteSox,LosAngelesAngels
SanDiegoPadres,ArizonaD'Backs
CincinnatiReds,ChicagoCubs
MinnesotaTwins,ClevelandGuardians
MinnesotaTwins,ClevelandGuardians
LosAngelesDodgers,ColoradoRockies
TexasRangers,KansasCityRoyals
OaklandAthletics,NewYorkYankees
HoustonAstros,NewYorkMets
AtlantaBraves,PhiladelphiaPhillies
BaltimoreOrioles,SeattleMariners
DetroitTigers,SanFranciscoGiants
MiamiMarlins,St.LouisCardinals
MilwaukeeBrewers,TampaBayRays
BostonRedSox,TorontoBlueJays
PittsburghPirates,WashingtonNationals
ChicagoWhiteSox,LosAngelesAngels
SanDiegoPadres,ArizonaD'Backs
CincinnatiReds,ChicagoCubs
MinnesotaTwins,ClevelandGuardians
LosAngelesDodgers,ColoradoRockies
TexasRangers,KansasCityRoyals
OaklandAthletics,NewYorkYankees
HoustonAstros,NewYorkMets
AtlantaBraves,PhiladelphiaPhillies
BaltimoreOrioles,SeattleMariners
DetroitTigers,SanFranciscoGiants
MiamiMarlins,St.LouisCardinals
MilwaukeeBrewers,TampaBayRays
BostonRedSox,TorontoBlueJays
PittsburghPirates,WashingtonNationals
CincinnatiReds,ChicagoCubs
MinnesotaTwins,ClevelandGuardians
NewYorkYankees,HoustonAstros
SanDiegoPadres,LosAngelesDodgers
AtlantaBraves,PhiladelphiaPhillies
MilwaukeeBrewers,PittsburghPirates
OaklandAthletics,SeattleMariners
TampaBayRays,TorontoBlueJays
BostonRedSox,ChicagoCubs
AtlantaBraves,CincinnatiReds
ArizonaD'Backs,ColoradoRockies
KansasCityRoyals,DetroitTigers
LosAngelesAngels,HoustonAstros
SanDiegoPadres,LosAngelesDodgers
BaltimoreOrioles,MinnesotaTwins
TexasRangers,NewYorkMets
St.LouisCardinals,PhiladelphiaPhillies
MilwaukeeBrewers,PittsburghPirates
OaklandAthletics,SeattleMariners
ChicagoWhiteSox,SanFranciscoGiants
TampaBayRays,TorontoBlueJays
MiamiMarlins,WashingtonNationals
BostonRedSox,ChicagoCubs
AtlantaBraves,CincinnatiReds
NewYorkYankees,ClevelandGuardians
NewYorkYankees,ClevelandGuardians
ArizonaD'Backs,ColoradoRockies
KansasCityRoyals,DetroitTigers
LosAngelesAngels,HoustonAstros
SanDiegoPadres,LosAngelesDodgers
BaltimoreOrioles,MinnesotaTwins
TexasRangers,NewYorkMets
St.LouisCardinals,PhiladelphiaPhillies
MilwaukeeBrewers,PittsburghPirates
OaklandAthletics,SeattleMariners
ChicagoWhiteSox,SanFranciscoGiants
TampaBayRays,TorontoBlueJays
TampaBayRays,TorontoBlueJays
MiamiMarlins,WashingtonNationals
BostonRedSox,ChicagoCubs
AtlantaBraves,CincinnatiReds
NewYorkYankees,ClevelandGuardians
ArizonaD'Backs,ColoradoRockies
KansasCityRoyals,DetroitTigers
LosAngelesAngels,HoustonAstros
SanDiegoPadres,LosAngelesDodgers
BaltimoreOrioles,MinnesotaTwins
TexasRangers,NewYorkMets
St.LouisCardinals,PhiladelphiaPhillies
MilwaukeeBrewers,PittsburghPirates
OaklandAthletics,SeattleMariners
ChicagoWhiteSox,SanFranciscoGiants
TampaBayRays,TorontoBlueJays
MiamiMarlins,WashingtonNationals
SanFranciscoGiants,ArizonaD'Backs
St.LouisCardinals,AtlantaBraves
TexasRangers,BaltimoreOrioles
TampaBayRays,BostonRedSox
MinnesotaTwins,ChicagoWhiteSox
NewYorkMets,CincinnatiReds
ClevelandGuardians,DetroitTigers
ClevelandGuardians,DetroitTigers
KansasCityRoyals,HoustonAstros
ColoradoRockies,LosAngelesDodgers
ChicagoCubs,MilwaukeeBrewers
TorontoBlueJays,OaklandAthletics
SeattleMariners,SanDiegoPadres
MiamiMarlins,WashingtonNationals
SanFranciscoGiants,ArizonaD'Backs
St.LouisCardinals,AtlantaBraves
TexasRangers,BaltimoreOrioles
TampaBayRays,BostonRedSox
MinnesotaTwins,ChicagoWhiteSox
NewYorkMets,CincinnatiReds
ClevelandGuardians,DetroitTigers
KansasCityRoyals,HoustonAstros
ColoradoRockies,LosAngelesDodgers
LosAngelesAngels,MiamiMarlins
ChicagoCubs,MilwaukeeBrewers
TorontoBlueJays,OaklandAthletics
WashingtonNationals,PhiladelphiaPhillies
NewYorkYankees,PittsburghPirates
SeattleMariners,SanDiegoPadres
SanFranciscoGiants,ArizonaD'Backs
St.LouisCardinals,AtlantaBraves
TexasRangers,BaltimoreOrioles
TampaBayRays,BostonRedSox
MinnesotaTwins,ChicagoWhiteSox
NewYorkMets,CincinnatiReds
ClevelandGuardians,DetroitTigers
KansasCityRoyals,HoustonAstros
ColoradoRockies,LosAngelesDodgers
LosAngelesAngels,MiamiMarlins
ChicagoCubs,MilwaukeeBrewers
TorontoBlueJays,OaklandAthletics
WashingtonNationals,PhiladelphiaPhillies
NewYorkYankees,PittsburghPirates
ColoradoRockies,ArizonaD'Backs
St.LouisCardinals,AtlantaBraves
LosAngelesAngels,BaltimoreOrioles
NewYorkYankees,BostonRedSox
DetroitTigers,ChicagoWhiteSox
PittsburghPirates,CincinnatiReds
PittsburghPirates,CincinnatiReds
KansasCityRoyals,HoustonAstros
ChicagoCubs,LosAngelesDodgers
MiamiMarlins,NewYorkMets
WashingtonNationals,PhiladelphiaPhillies
SanFranciscoGiants,SanDiegoPadres
TorontoBlueJays,SeattleMariners
ColoradoRockies,ArizonaD'Backs
WashingtonNationals,AtlantaBraves
LosAngelesAngels,BaltimoreOrioles
NewYorkYankees,BostonRedSox
DetroitTigers,ChicagoWhiteSox
TampaBayRays,CincinnatiReds
ClevelandGuardians,KansasCityRoyals
ChicagoCubs,LosAngelesDodgers
PittsburghPirates,MilwaukeeBrewers
MiamiMarlins,NewYorkMets
HoustonAstros,OaklandAthletics
SanFranciscoGiants,SanDiegoPadres
TorontoBlueJays,SeattleMariners
PhiladelphiaPhillies,St.LouisCardinals
MinnesotaTwins,TexasRangers
ColoradoRockies,ArizonaD'Backs
WashingtonNationals,AtlantaBraves
LosAngelesAngels,BaltimoreOrioles
NewYorkYankees,BostonRedSox
DetroitTigers,ChicagoWhiteSox
TampaBayRays,CincinnatiReds
ClevelandGuardians,KansasCityRoyals
ChicagoCubs,LosAngelesDodgers
PittsburghPirates,MilwaukeeBrewers
MiamiMarlins,NewYorkMets
HoustonAstros,OaklandAthletics
SanFranciscoGiants,SanDiegoPadres
TorontoBlueJays,SeattleMariners
PhiladelphiaPhillies,St.LouisCardinals
MinnesotaTwins,TexasRangers
ColoradoRockies,ArizonaD'Backs
WashingtonNationals,AtlantaBraves
LosAngelesAngels,BaltimoreOrioles
NewYorkYankees,BostonRedSox
DetroitTigers,ChicagoWhiteSox
TampaBayRays,CincinnatiReds
ClevelandGuardians,KansasCityRoyals
ChicagoCubs,LosAngelesDodgers
PittsburghPirates,MilwaukeeBrewers
MiamiMarlins,NewYorkMets
HoustonAstros,OaklandAthletics
SanFranciscoGiants,SanDiegoPadres
TorontoBlueJays,SeattleMariners
PhiladelphiaPhillies,St.LouisCardinals
MinnesotaTwins,TexasRangers
NewYorkMets,AtlantaBraves
ChicagoWhiteSox,ClevelandGuardians
SanDiegoPadres,ColoradoRockies
DetroitTigers,KansasCityRoyals
DetroitTigers,KansasCityRoyals
PittsburghPirates,MiamiMarlins
ArizonaD'Backs,SanFranciscoGiants
PhiladelphiaPhillies,St.LouisCardinals
BostonRedSox,TampaBayRays
OaklandAthletics,TexasRangers
HoustonAstros,LosAngelesAngels
NewYorkMets,AtlantaBraves
BaltimoreOrioles,ChicagoCubs
ChicagoWhiteSox,ClevelandGuardians
ChicagoWhiteSox,ClevelandGuardians
SanDiegoPadres,ColoradoRockies
DetroitTigers,KansasCityRoyals
PittsburghPirates,MiamiMarlins
MilwaukeeBrewers,MinnesotaTwins
CincinnatiReds,NewYorkYankees
ArizonaD'Backs,SanFranciscoGiants
LosAngelesDodgers,St.LouisCardinals
BostonRedSox,TampaBayRays
OaklandAthletics,TexasRangers
PhiladelphiaPhillies,TorontoBlueJays
HoustonAstros,LosAngelesAngels
NewYorkMets,AtlantaBraves
BaltimoreOrioles,ChicagoCubs
ChicagoWhiteSox,ClevelandGuardians
SanDiegoPadres,ColoradoRockies
DetroitTigers,KansasCityRoyals
PittsburghPirates,MiamiMarlins
MilwaukeeBrewers,MinnesotaTwins
CincinnatiReds,NewYorkYankees
ArizonaD'Backs,SanFranciscoGiants
LosAngelesDodgers,St.LouisCardinals
BostonRedSox,TampaBayRays
OaklandAthletics,TexasRangers
PhiladelphiaPhillies,TorontoBlueJays
SeattleMariners,WashingtonNationals
SeattleMariners,WashingtonNationals
HoustonAstros,LosAngelesAngels
NewYorkMets,ChicagoCubs
DetroitTigers,ClevelandGuardians
SanDiegoPadres,ColoradoRockies
PittsburghPirates,MiamiMarlins
ChicagoWhiteSox,MinnesotaTwins
CincinnatiReds,NewYorkYankees
MilwaukeeBrewers,SanFranciscoGiants
LosAngelesDodgers,St.LouisCardinals
BostonRedSox,TampaBayRays
SeattleMariners,TexasRangers
KansasCityRoyals,TorontoBlueJays
AtlantaBraves,WashingtonNationals
LosAngelesDodgers,LosAngelesAngels
DetroitTigers,ClevelandGuardians
PittsburghPirates,ColoradoRockies
OaklandAthletics,HoustonAstros
PhiladelphiaPhillies,MiamiMarlins
ChicagoWhiteSox,MinnesotaTwins
BostonRedSox,NewYorkYankees
ArizonaD'Backs,SanDiegoPadres
MilwaukeeBrewers,SanFranciscoGiants
CincinnatiReds,St.LouisCardinals
BaltimoreOrioles,TampaBayRays
SeattleMariners,TexasRangers
KansasCityRoyals,TorontoBlueJays
AtlantaBraves,WashingtonNationals
LosAngelesDodgers,LosAngelesAngels
NewYorkMets,ChicagoCubs
NewYorkMets,ChicagoCubs
DetroitTigers,ClevelandGuardians
PittsburghPirates,ColoradoRockies
OaklandAthletics,HoustonAstros
PhiladelphiaPhillies,MiamiMarlins
ChicagoWhiteSox,MinnesotaTwins
BostonRedSox,NewYorkYankees
ArizonaD'Backs,SanDiegoPadres
MilwaukeeBrewers,SanFranciscoGiants
CincinnatiReds,St.LouisCardinals
BaltimoreOrioles,TampaBayRays
SeattleMariners,TexasRangers
KansasCityRoyals,TorontoBlueJays
AtlantaBraves,WashingtonNationals
NewYorkMets,ChicagoCubs
PittsburghPirates,ColoradoRockies
OaklandAthletics,HoustonAstros
PhiladelphiaPhillies,MiamiMarlins
ChicagoWhiteSox,MinnesotaTwins
BostonRedSox,NewYorkYankees
ArizonaD'Backs,SanDiegoPadres
MilwaukeeBrewers,SanFranciscoGiants
BaltimoreOrioles,TampaBayRays
SeattleMariners,TexasRangers
KansasCityRoyals,TorontoBlueJays
AtlantaBraves,WashingtonNationals
NewYorkYankees,HoustonAstros
NewYorkYankees,HoustonAstros
SanFranciscoGiants,LosAngelesDodgers
TexasRangers,MiamiMarlins
DetroitTigers,OaklandAthletics
DetroitTigers,OaklandAthletics
WashingtonNationals,ArizonaD'Backs
LosAngelesAngels,AtlantaBraves
NewYorkYankees,BaltimoreOrioles
TorontoBlueJays,BostonRedSox
ClevelandGuardians,ChicagoWhiteSox
St.LouisCardinals,CincinnatiReds
TampaBayRays,KansasCityRoyals
SanFranciscoGiants,LosAngelesDodgers
ColoradoRockies,MilwaukeeBrewers
SanDiegoPadres,NewYorkMets
TexasRangers,OaklandAthletics
ChicagoCubs,PhiladelphiaPhillies
MiamiMarlins,PittsburghPirates
HoustonAstros,SeattleMariners
WashingtonNationals,ArizonaD'Backs
LosAngelesAngels,AtlantaBraves
NewYorkYankees,BaltimoreOrioles
TorontoBlueJays,BostonRedSox
ClevelandGuardians,ChicagoWhiteSox
ClevelandGuardians,ChicagoWhiteSox
St.LouisCardinals,CincinnatiReds
MinnesotaTwins,DetroitTigers
TampaBayRays,KansasCityRoyals
SanFranciscoGiants,LosAngelesDodgers
ColoradoRockies,MilwaukeeBrewers
SanDiegoPadres,NewYorkMets
TexasRangers,OaklandAthletics
ChicagoCubs,PhiladelphiaPhillies
MiamiMarlins,PittsburghPirates
HoustonAstros,SeattleMariners
WashingtonNationals,ArizonaD'Backs
LosAngelesAngels,AtlantaBraves
NewYorkYankees,BaltimoreOrioles
TorontoBlueJays,BostonRedSox
ClevelandGuardians,ChicagoWhiteSox
St.LouisCardinals,CincinnatiReds
MinnesotaTwins,DetroitTigers
TampaBayRays,KansasCityRoyals
SanFranciscoGiants,LosAngelesDodgers
ColoradoRockies,MilwaukeeBrewers
SanDiegoPadres,NewYorkMets
TexasRangers,OaklandAthletics
ChicagoCubs,PhiladelphiaPhillies
MiamiMarlins,PittsburghPirates
HoustonAstros,SeattleMariners
SanFranciscoGiants,ArizonaD'Backs
TampaBayRays,BaltimoreOrioles
ClevelandGuardians,BostonRedSox
PittsburghPirates,ChicagoCubs
MiamiMarlins,CincinnatiReds
SanDiegoPadres,DetroitTigers
LosAngelesAngels,KansasCityRoyals
WashingtonNationals,LosAngelesDodgers
ColoradoRockies,MilwaukeeBrewers
HoustonAstros,OaklandAthletics
AtlantaBraves,PhiladelphiaPhillies
TexasRangers,SeattleMariners
SanFranciscoGiants,ArizonaD'Backs
TampaBayRays,BaltimoreOrioles
ClevelandGuardians,BostonRedSox
PittsburghPirates,ChicagoCubs
MiamiMarlins,CincinnatiReds
ChicagoWhiteSox,ColoradoRockies
SanDiegoPadres,DetroitTigers
LosAngelesAngels,KansasCityRoyals
WashingtonNationals,LosAngelesDodgers
MinnesotaTwins,MilwaukeeBrewers
NewYorkYankees,NewYorkMets
HoustonAstros,OaklandAthletics
AtlantaBraves,PhiladelphiaPhillies
TexasRangers,SeattleMariners
St.LouisCardinals,TorontoBlueJays
SanFranciscoGiants,ArizonaD'Backs
TampaBayRays,BaltimoreOrioles
ClevelandGuardians,BostonRedSox
MiamiMarlins,CincinnatiReds
ChicagoWhiteSox,ColoradoRockies
SanDiegoPadres,DetroitTigers
LosAngelesAngels,KansasCityRoyals
WashingtonNationals,LosAngelesDodgers
MinnesotaTwins,MilwaukeeBrewers
NewYorkYankees,NewYorkMets
HoustonAstros,OaklandAthletics
AtlantaBraves,PhiladelphiaPhillies
TexasRangers,SeattleMariners
St.LouisCardinals,TorontoBlueJays
TexasRangers,LosAngelesAngels
TampaBayRays,BaltimoreOrioles
ClevelandGuardians,BostonRedSox
MiamiMarlins,CincinnatiReds
LosAngelesDodgers,ColoradoRockies
SeattleMariners,HoustonAstros
KansasCityRoyals,NewYorkYankees
PhiladelphiaPhillies,PittsburghPirates
ChicagoCubs,SanFranciscoGiants
DetroitTigers,TorontoBlueJays
TexasRangers,LosAngelesAngels
ArizonaD'Backs,AtlantaBraves
MilwaukeeBrewers,BostonRedSox
OaklandAthletics,ChicagoWhiteSox
BaltimoreOrioles,CincinnatiReds
LosAngelesDodgers,ColoradoRockies
SeattleMariners,HoustonAstros
NewYorkMets,MiamiMarlins
KansasCityRoyals,NewYorkYankees
PhiladelphiaPhillies,PittsburghPirates
MinnesotaTwins,SanDiegoPadres
ChicagoCubs,SanFranciscoGiants
ClevelandGuardians,TampaBayRays
DetroitTigers,TorontoBlueJays
St.LouisCardinals,WashingtonNationals
TexasRangers,LosAngelesAngels
ArizonaD'Backs,AtlantaBraves
MilwaukeeBrewers,BostonRedSox
OaklandAthletics,ChicagoWhiteSox
BaltimoreOrioles,CincinnatiReds
LosAngelesDodgers,ColoradoRockies
SeattleMariners,HoustonAstros
NewYorkMets,MiamiMarlins
KansasCityRoyals,NewYorkYankees
PhiladelphiaPhillies,PittsburghPirates
MinnesotaTwins,SanDiegoPadres
ChicagoCubs,SanFranciscoGiants
ClevelandGuardians,TampaBayRays
DetroitTigers,TorontoBlueJays
St.LouisCardinals,WashingtonNationals
TexasRangers,LosAngelesAngels
ArizonaD'Backs,AtlantaBraves
MilwaukeeBrewers,BostonRedSox
OaklandAthletics,ChicagoWhiteSox
BaltimoreOrioles,CincinnatiReds
LosAngelesDodgers,ColoradoRockies
SeattleMariners,HoustonAstros
NewYorkMets,MiamiMarlins
KansasCityRoyals,NewYorkYankees
PhiladelphiaPhillies,PittsburghPirates
MinnesotaTwins,SanDiegoPadres
ChicagoCubs,SanFranciscoGiants
ClevelandGuardians,TampaBayRays
DetroitTigers,TorontoBlueJays
St.LouisCardinals,WashingtonNationals
KansasCityRoyals,ChicagoWhiteSox
ArizonaD'Backs,ClevelandGuardians
BostonRedSox,HoustonAstros
CincinnatiReds,MiamiMarlins
DetroitTigers,MinnesotaTwins
SeattleMariners,NewYorkYankees
ColoradoRockies,SanDiegoPadres
LosAngelesDodgers,SanFranciscoGiants
BaltimoreOrioles,TexasRangers
NewYorkMets,WashingtonNationals
OaklandAthletics,LosAngelesAngels
PhiladelphiaPhillies,AtlantaBraves
KansasCityRoyals,ChicagoWhiteSox
ArizonaD'Backs,ClevelandGuardians
BostonRedSox,HoustonAstros
CincinnatiReds,MiamiMarlins
DetroitTigers,MinnesotaTwins
SeattleMariners,NewYorkYankees
MilwaukeeBrewers,PittsburghPirates
ColoradoRockies,SanDiegoPadres
ColoradoRockies,SanDiegoPadres
LosAngelesDodgers,SanFranciscoGiants
ChicagoCubs,St.LouisCardinals
TorontoBlueJays,TampaBayRays
BaltimoreOrioles,TexasRangers
NewYorkMets,WashingtonNationals
OaklandAthletics,LosAngelesAngels
PhiladelphiaPhillies,AtlantaBraves
KansasCityRoyals,ChicagoWhiteSox
ArizonaD'Backs,ClevelandGuardians
BostonRedSox,HoustonAstros
CincinnatiReds,MiamiMarlins
DetroitTigers,MinnesotaTwins
SeattleMariners,NewYorkYankees
MilwaukeeBrewers,PittsburghPirates
ColoradoRockies,SanDiegoPadres
LosAngelesDodgers,SanFranciscoGiants
TorontoBlueJays,TampaBayRays
BaltimoreOrioles,TexasRangers
NewYorkMets,WashingtonNationals
OaklandAthletics,LosAngelesAngels
HoustonAstros,ClevelandGuardians
TampaBayRays,DetroitTigers
BostonRedSox,KansasCityRoyals
TorontoBlueJays,MinnesotaTwins
AtlantaBraves,NewYorkMets
WashingtonNationals,PhiladelphiaPhillies
MilwaukeeBrewers,PittsburghPirates
ColoradoRockies,SanDiegoPadres
LosAngelesDodgers,SanFranciscoGiants
ChicagoCubs,St.LouisCardinals
ChicagoCubs,St.LouisCardinals
ChicagoWhiteSox,TexasRangers
ColoradoRockies,ArizonaD'Backs
PittsburghPirates,BaltimoreOrioles
MiamiMarlins,ChicagoCubs
HoustonAstros,ClevelandGuardians
TampaBayRays,DetroitTigers
BostonRedSox,KansasCityRoyals
SanDiegoPadres,LosAngelesDodgers
CincinnatiReds,MilwaukeeBrewers
TorontoBlueJays,MinnesotaTwins
AtlantaBraves,NewYorkMets
WashingtonNationals,PhiladelphiaPhillies
LosAngelesAngels,SeattleMariners
NewYorkYankees,St.LouisCardinals
ChicagoWhiteSox,TexasRangers
ColoradoRockies,ArizonaD'Backs
PittsburghPirates,BaltimoreOrioles
MiamiMarlins,ChicagoCubs
HoustonAstros,ClevelandGuardians
TampaBayRays,DetroitTigers
BostonRedSox,KansasCityRoyals
SanDiegoPadres,LosAngelesDodgers
CincinnatiReds,MilwaukeeBrewers
TorontoBlueJays,MinnesotaTwins
AtlantaBraves,NewYorkMets
AtlantaBraves,NewYorkMets
SanFranciscoGiants,OaklandAthletics
WashingtonNationals,PhiladelphiaPhillies
LosAngelesAngels,SeattleMariners
LosAngelesAngels,SeattleMariners
NewYorkYankees,St.LouisCardinals
ChicagoWhiteSox,TexasRangers
ColoradoRockies,ArizonaD'Backs
PittsburghPirates,BaltimoreOrioles
MiamiMarlins,ChicagoCubs
HoustonAstros,ClevelandGuardians
TampaBayRays,DetroitTigers
BostonRedSox,KansasCityRoyals
SanDiegoPadres,LosAngelesDodgers
CincinnatiReds,MilwaukeeBrewers
TorontoBlueJays,MinnesotaTwins
AtlantaBraves,NewYorkMets
SanFranciscoGiants,OaklandAthletics
WashingtonNationals,PhiladelphiaPhillies
LosAngelesAngels,SeattleMariners
NewYorkYankees,St.LouisCardinals
ChicagoWhiteSox,TexasRangers
PittsburghPirates,ArizonaD'Backs
TorontoBlueJays,BaltimoreOrioles
WashingtonNationals,ChicagoCubs
CincinnatiReds,NewYorkMets
LosAngelesAngels,OaklandAthletics
SanFranciscoGiants,SanDiegoPadres
NewYorkYankees,SeattleMariners
PittsburghPirates,ArizonaD'Backs
TorontoBlueJays,BaltimoreOrioles
AtlantaBraves,BostonRedSox
WashingtonNationals,ChicagoCubs
St.LouisCardinals,ColoradoRockies
ClevelandGuardians,DetroitTigers
TexasRangers,HoustonAstros
ChicagoWhiteSox,KansasCityRoyals
ChicagoWhiteSox,KansasCityRoyals
MinnesotaTwins,LosAngelesDodgers
TampaBayRays,MilwaukeeBrewers
CincinnatiReds,NewYorkMets
LosAngelesAngels,OaklandAthletics
MiamiMarlins,PhiladelphiaPhillies
SanFranciscoGiants,SanDiegoPadres
NewYorkYankees,SeattleMariners
PittsburghPirates,ArizonaD'Backs
AtlantaBraves,BostonRedSox
WashingtonNationals,ChicagoCubs
St.LouisCardinals,ColoradoRockies
ClevelandGuardians,DetroitTigers
TexasRangers,HoustonAstros
ChicagoWhiteSox,KansasCityRoyals
MinnesotaTwins,LosAngelesDodgers
TampaBayRays,MilwaukeeBrewers
CincinnatiReds,NewYorkMets
LosAngelesAngels,OaklandAthletics
MiamiMarlins,PhiladelphiaPhillies
SanFranciscoGiants,SanDiegoPadres
NewYorkYankees,SeattleMariners
PittsburghPirates,ArizonaD'Backs
BaltimoreOrioles,BostonRedSox
ChicagoCubs,CincinnatiReds
St.LouisCardinals,ColoradoRockies
ClevelandGuardians,DetroitTigers
TexasRangers,HoustonAstros
ChicagoWhiteSox,KansasCityRoyals
MiamiMarlins,PhiladelphiaPhillies
MinnesotaTwins,LosAngelesAngels
NewYorkYankees,BostonRedSox
DetroitTigers,ChicagoWhiteSox
ArizonaD'Backs,ColoradoRockies
OaklandAthletics,HoustonAstros
LosAngelesDodgers,KansasCityRoyals
AtlantaBraves,MiamiMarlins
PhiladelphiaPhillies,NewYorkMets
PittsburghPirates,SanFranciscoGiants
MilwaukeeBrewers,St.LouisCardinals
BaltimoreOrioles,TampaBayRays
SeattleMariners,TexasRangers
ClevelandGuardians,TorontoBlueJays
SanDiegoPadres,WashingtonNationals
MinnesotaTwins,LosAngelesAngels
NewYorkYankees,BostonRedSox
DetroitTigers,ChicagoWhiteSox
ChicagoCubs,CincinnatiReds
ArizonaD'Backs,ColoradoRockies
OaklandAthletics,HoustonAstros
LosAngelesDodgers,KansasCityRoyals
AtlantaBraves,MiamiMarlins
AtlantaBraves,MiamiMarlins
PhiladelphiaPhillies,NewYorkMets
PittsburghPirates,SanFranciscoGiants
MilwaukeeBrewers,St.LouisCardinals
BaltimoreOrioles,TampaBayRays
SeattleMariners,TexasRangers
ClevelandGuardians,TorontoBlueJays
SanDiegoPadres,WashingtonNationals
MinnesotaTwins,LosAngelesAngels
NewYorkYankees,BostonRedSox
DetroitTigers,ChicagoWhiteSox
ChicagoCubs,CincinnatiReds
ArizonaD'Backs,ColoradoRockies
OaklandAthletics,HoustonAstros
LosAngelesDodgers,KansasCityRoyals
AtlantaBraves,MiamiMarlins
PhiladelphiaPhillies,NewYorkMets
PittsburghPirates,SanFranciscoGiants
MilwaukeeBrewers,St.LouisCardinals
BaltimoreOrioles,TampaBayRays
SeattleMariners,TexasRangers
ClevelandGuardians,TorontoBlueJays
SanDiegoPadres,WashingtonNationals
SeattleMariners,LosAngelesAngels
NewYorkMets,AtlantaBraves
HoustonAstros,ChicagoWhiteSox
PhiladelphiaPhillies,CincinnatiReds
DetroitTigers,ClevelandGuardians
DetroitTigers,ClevelandGuardians
SanDiegoPadres,MiamiMarlins
LosAngelesDodgers,MilwaukeeBrewers
KansasCityRoyals,MinnesotaTwins
TampaBayRays,NewYorkYankees
ArizonaD'Backs,SanFranciscoGiants
OaklandAthletics,TexasRangers
BaltimoreOrioles,TorontoBlueJays
ChicagoCubs,WashingtonNationals
SeattleMariners,LosAngelesAngels
NewYorkMets,AtlantaBraves
HoustonAstros,ChicagoWhiteSox
PhiladelphiaPhillies,CincinnatiReds
DetroitTigers,ClevelandGuardians
SanDiegoPadres,MiamiMarlins
LosAngelesDodgers,MilwaukeeBrewers
KansasCityRoyals,MinnesotaTwins
TampaBayRays,NewYorkYankees
BostonRedSox,PittsburghPirates
ArizonaD'Backs,SanFranciscoGiants
ColoradoRockies,St.LouisCardinals
OaklandAthletics,TexasRangers
BaltimoreOrioles,TorontoBlueJays
ChicagoCubs,WashingtonNationals
SeattleMariners,LosAngelesAngels
NewYorkMets,AtlantaBraves
HoustonAstros,ChicagoWhiteSox
PhiladelphiaPhillies,CincinnatiReds
DetroitTigers,ClevelandGuardians
SanDiegoPadres,MiamiMarlins
LosAngelesDodgers,MilwaukeeBrewers
KansasCityRoyals,MinnesotaTwins
TampaBayRays,NewYorkYankees
BostonRedSox,PittsburghPirates
ArizonaD'Backs,SanFranciscoGiants
ColoradoRockies,St.LouisCardinals
OaklandAthletics,TexasRangers
BaltimoreOrioles,TorontoBlueJays
ChicagoCubs,WashingtonNationals
NewYorkMets,AtlantaBraves
ChicagoCubs,BaltimoreOrioles
HoustonAstros,ChicagoWhiteSox
LosAngelesDodgers,MilwaukeeBrewers
TorontoBlueJays,NewYorkYankees
BostonRedSox,PittsburghPirates
WashingtonNationals,SanDiegoPadres
ArizonaD'Backs,SanFranciscoGiants
ColoradoRockies,St.LouisCardinals
KansasCityRoyals,TampaBayRays
OaklandAthletics,TexasRangers
St.LouisCardinals,ArizonaD'Backs
HoustonAstros,AtlantaBraves
BostonRedSox,BaltimoreOrioles
MilwaukeeBrewers,ChicagoCubs
ChicagoWhiteSox,ClevelandGuardians
SanFranciscoGiants,ColoradoRockies
LosAngelesAngels,DetroitTigers
MiamiMarlins,LosAngelesDodgers
TexasRangers,MinnesotaTwins
TorontoBlueJays,NewYorkYankees
SeattleMariners,OaklandAthletics
NewYorkMets,PhiladelphiaPhillies
CincinnatiReds,PittsburghPirates
WashingtonNationals,SanDiegoPadres
KansasCityRoyals,TampaBayRays
St.LouisCardinals,ArizonaD'Backs
HoustonAstros,AtlantaBraves
BostonRedSox,BaltimoreOrioles
MilwaukeeBrewers,ChicagoCubs
ChicagoWhiteSox,ClevelandGuardians
SanFranciscoGiants,ColoradoRockies
LosAngelesAngels,DetroitTigers
MiamiMarlins,LosAngelesDodgers
TexasRangers,MinnesotaTwins
TorontoBlueJays,NewYorkYankees
SeattleMariners,OaklandAthletics
NewYorkMets,PhiladelphiaPhillies
NewYorkMets,PhiladelphiaPhillies
CincinnatiReds,PittsburghPirates
WashingtonNationals,SanDiegoPadres
KansasCityRoyals,TampaBayRays
St.LouisCardinals,ArizonaD'Backs
HoustonAstros,AtlantaBraves
BostonRedSox,BaltimoreOrioles
MilwaukeeBrewers,ChicagoCubs
SanFranciscoGiants,ColoradoRockies
LosAngelesAngels,DetroitTigers
MiamiMarlins,LosAngelesDodgers
TexasRangers,MinnesotaTwins
TorontoBlueJays,NewYorkYankees
SeattleMariners,OaklandAthletics
NewYorkMets,PhiladelphiaPhillies
CincinnatiReds,PittsburghPirates
WashingtonNationals,SanDiegoPadres
KansasCityRoyals,TampaBayRays
St.LouisCardinals,ChicagoCubs
ChicagoWhiteSox,KansasCityRoyals
MilwaukeeBrewers,LosAngelesDodgers
TexasRangers,MinnesotaTwins
NewYorkMets,NewYorkYankees
MiamiMarlins,OaklandAthletics
CincinnatiReds,PhiladelphiaPhillies
AtlantaBraves,PittsburghPirates
LosAngelesAngels,TampaBayRays
ChicagoWhiteSox,BaltimoreOrioles
TorontoBlueJays,BostonRedSox
St.LouisCardinals,ChicagoCubs
St.LouisCardinals,ChicagoCubs
TexasRangers,ColoradoRockies
SanFranciscoGiants,DetroitTigers
MinnesotaTwins,HoustonAstros
ArizonaD'Backs,KansasCityRoyals
MilwaukeeBrewers,LosAngelesDodgers
NewYorkMets,NewYorkYankees
MiamiMarlins,OaklandAthletics
CincinnatiReds,PhiladelphiaPhillies
AtlantaBraves,PittsburghPirates
ClevelandGuardians,SanDiegoPadres
WashingtonNationals,SeattleMariners
LosAngelesAngels,TampaBayRays
ChicagoWhiteSox,BaltimoreOrioles
TorontoBlueJays,BostonRedSox
St.LouisCardinals,ChicagoCubs
TexasRangers,ColoradoRockies
SanFranciscoGiants,DetroitTigers
MinnesotaTwins,HoustonAstros
ArizonaD'Backs,KansasCityRoyals
MilwaukeeBrewers,LosAngelesDodgers
MiamiMarlins,OaklandAthletics
CincinnatiReds,PhiladelphiaPhillies
AtlantaBraves,PittsburghPirates
ClevelandGuardians,SanDiegoPadres
WashingtonNationals,SeattleMariners
LosAngelesAngels,TampaBayRays
ChicagoWhiteSox,BaltimoreOrioles
TorontoBlueJays,BostonRedSox
St.LouisCardinals,ChicagoCubs
MinnesotaTwins,HoustonAstros
ColoradoRockies,NewYorkMets
NewYorkYankees,OaklandAthletics
CincinnatiReds,PhiladelphiaPhillies
ClevelandGuardians,SeattleMariners
LosAngelesAngels,TampaBayRays
TampaBayRays,BostonRedSox
ArizonaD'Backs,ChicagoWhiteSox
BaltimoreOrioles,HoustonAstros
SanDiegoPadres,KansasCityRoyals
LosAngelesDodgers,MiamiMarlins
ChicagoCubs,MilwaukeeBrewers
SanFranciscoGiants,MinnesotaTwins
ColoradoRockies,NewYorkMets
NewYorkYankees,OaklandAthletics
PittsburghPirates,PhiladelphiaPhillies
ClevelandGuardians,SeattleMariners
AtlantaBraves,St.LouisCardinals
DetroitTigers,TexasRangers
LosAngelesAngels,TorontoBlueJays
CincinnatiReds,WashingtonNationals
TampaBayRays,BostonRedSox
ArizonaD'Backs,ChicagoWhiteSox
BaltimoreOrioles,HoustonAstros
SanDiegoPadres,KansasCityRoyals
LosAngelesDodgers,MiamiMarlins
ChicagoCubs,MilwaukeeBrewers
SanFranciscoGiants,MinnesotaTwins
ColoradoRockies,NewYorkMets
NewYorkYankees,OaklandAthletics
PittsburghPirates,PhiladelphiaPhillies
ClevelandGuardians,SeattleMariners
AtlantaBraves,St.LouisCardinals
DetroitTigers,TexasRangers
LosAngelesAngels,TorontoBlueJays
CincinnatiReds,WashingtonNationals
TampaBayRays,BostonRedSox
ArizonaD'Backs,ChicagoWhiteSox
BaltimoreOrioles,HoustonAstros
SanDiegoPadres,KansasCityRoyals
LosAngelesDodgers,MiamiMarlins
ChicagoCubs,MilwaukeeBrewers
SanFranciscoGiants,MinnesotaTwins
ColoradoRockies,NewYorkMets
NewYorkYankees,OaklandAthletics
PittsburghPirates,PhiladelphiaPhillies
ClevelandGuardians,SeattleMariners
AtlantaBraves,St.LouisCardinals
DetroitTigers,TexasRangers
LosAngelesAngels,TorontoBlueJays
CincinnatiReds,WashingtonNationals
NewYorkYankees,LosAngelesAngels
PhiladelphiaPhillies,ArizonaD'Backs
St.LouisCardinals,CincinnatiReds
LosAngelesDodgers,MiamiMarlins
PittsburghPirates,MilwaukeeBrewers
BostonRedSox,MinnesotaTwins
SanDiegoPadres,SanFranciscoGiants
ChicagoCubs,TorontoBlueJays
NewYorkYankees,LosAngelesAngels
PhiladelphiaPhillies,ArizonaD'Backs
ColoradoRockies,AtlantaBraves
KansasCityRoyals,ChicagoWhiteSox
St.LouisCardinals,CincinnatiReds
BaltimoreOrioles,ClevelandGuardians
SeattleMariners,DetroitTigers
TampaBayRays,MiamiMarlins
PittsburghPirates,MilwaukeeBrewers
BostonRedSox,MinnesotaTwins
LosAngelesDodgers,NewYorkMets
SanDiegoPadres,SanFranciscoGiants
HoustonAstros,TexasRangers
ChicagoCubs,TorontoBlueJays
OaklandAthletics,WashingtonNationals
NewYorkYankees,LosAngelesAngels
PhiladelphiaPhillies,ArizonaD'Backs
ColoradoRockies,AtlantaBraves
KansasCityRoyals,ChicagoWhiteSox
St.LouisCardinals,CincinnatiReds
BaltimoreOrioles,ClevelandGuardians
SeattleMariners,DetroitTigers
TampaBayRays,MiamiMarlins
PittsburghPirates,MilwaukeeBrewers
BostonRedSox,MinnesotaTwins
LosAngelesDodgers,NewYorkMets
SanDiegoPadres,SanFranciscoGiants
HoustonAstros,TexasRangers
ChicagoCubs,TorontoBlueJays
OaklandAthletics,WashingtonNationals
MilwaukeeBrewers,ArizonaD'Backs
ColoradoRockies,AtlantaBraves
TexasRangers,BostonRedSox
KansasCityRoyals,ChicagoWhiteSox
BaltimoreOrioles,ClevelandGuardians
SeattleMariners,DetroitTigers
LosAngelesDodgers,NewYorkMets
OaklandAthletics,WashingtonNationals
HoustonAstros,LosAngelesAngels
MilwaukeeBrewers,ArizonaD'Backs
MiamiMarlins,AtlantaBraves
OaklandAthletics,BaltimoreOrioles
TexasRangers,BostonRedSox
MinnesotaTwins,ChicagoWhiteSox
ColoradoRockies,CincinnatiReds
SeattleMariners,ClevelandGuardians
KansasCityRoyals,DetroitTigers
SanDiegoPadres,LosAngelesDodgers
WashingtonNationals,NewYorkMets
TorontoBlueJays,PittsburghPirates
PhiladelphiaPhillies,SanFranciscoGiants
ChicagoCubs,St.LouisCardinals
NewYorkYankees,TampaBayRays
HoustonAstros,LosAngelesAngels
MilwaukeeBrewers,ArizonaD'Backs
MiamiMarlins,AtlantaBraves
OaklandAthletics,BaltimoreOrioles
TexasRangers,BostonRedSox
MinnesotaTwins,ChicagoWhiteSox
SeattleMariners,ClevelandGuardians
KansasCityRoyals,DetroitTigers
SanDiegoPadres,LosAngelesDodgers
WashingtonNationals,NewYorkMets
TorontoBlueJays,PittsburghPirates
PhiladelphiaPhillies,SanFranciscoGiants
ChicagoCubs,St.LouisCardinals
NewYorkYankees,TampaBayRays
HoustonAstros,LosAngelesAngels
MilwaukeeBrewers,ArizonaD'Backs
MiamiMarlins,AtlantaBraves
OaklandAthletics,BaltimoreOrioles
TexasRangers,BostonRedSox
MinnesotaTwins,ChicagoWhiteSox
ColoradoRockies,CincinnatiReds
ColoradoRockies,CincinnatiReds
SeattleMariners,ClevelandGuardians
KansasCityRoyals,DetroitTigers
SanDiegoPadres,LosAngelesDodgers
WashingtonNationals,NewYorkMets
TorontoBlueJays,PittsburghPirates
PhiladelphiaPhillies,SanFranciscoGiants
ChicagoCubs,St.LouisCardinals
NewYorkYankees,TampaBayRays
DetroitTigers,LosAngelesAngels
TorontoBlueJays,BaltimoreOrioles
TorontoBlueJays,BaltimoreOrioles
MilwaukeeBrewers,ColoradoRockies
TexasRangers,HoustonAstros
ClevelandGuardians,KansasCityRoyals
SanFranciscoGiants,LosAngelesDodgers
MinnesotaTwins,NewYorkYankees
ArizonaD'Backs,SanDiegoPadres
ChicagoWhiteSox,SeattleMariners
WashingtonNationals,St.LouisCardinals
BostonRedSox,TampaBayRays
DetroitTigers,LosAngelesAngels
TorontoBlueJays,BaltimoreOrioles
CincinnatiReds,ChicagoCubs
MilwaukeeBrewers,ColoradoRockies
TexasRangers,HoustonAstros
ClevelandGuardians,KansasCityRoyals
SanFranciscoGiants,LosAngelesDodgers
AtlantaBraves,OaklandAthletics
MiamiMarlins,PhiladelphiaPhillies
NewYorkMets,PittsburghPirates
ArizonaD'Backs,SanDiegoPadres
ChicagoWhiteSox,SeattleMariners
WashingtonNationals,St.LouisCardinals
BostonRedSox,TampaBayRays
DetroitTigers,LosAngelesAngels
TorontoBlueJays,BaltimoreOrioles
CincinnatiReds,ChicagoCubs
MilwaukeeBrewers,ColoradoRockies
TexasRangers,HoustonAstros
ClevelandGuardians,KansasCityRoyals
SanFranciscoGiants,LosAngelesDodgers
MinnesotaTwins,NewYorkYankees
MinnesotaTwins,NewYorkYankees
AtlantaBraves,OaklandAthletics
MiamiMarlins,PhiladelphiaPhillies
NewYorkMets,PittsburghPirates
NewYorkMets,PittsburghPirates
ArizonaD'Backs,SanDiegoPadres
ChicagoWhiteSox,SeattleMariners
WashingtonNationals,St.LouisCardinals
BostonRedSox,TampaBayRays
CincinnatiReds,ChicagoCubs
SanFranciscoGiants,MilwaukeeBrewers
SanFranciscoGiants,MilwaukeeBrewers
MinnesotaTwins,NewYorkYankees
ChicagoWhiteSox,OaklandAthletics
MiamiMarlins,PhiladelphiaPhillies
WashingtonNationals,St.LouisCardinals
BostonRedSox,BaltimoreOrioles
SanFranciscoGiants,ChicagoCubs
ArizonaD'Backs,ColoradoRockies
LosAngelesAngels,HoustonAstros
DetroitTigers,KansasCityRoyals
NewYorkMets,MiamiMarlins
CincinnatiReds,MilwaukeeBrewers
ClevelandGuardians,MinnesotaTwins
TampaBayRays,NewYorkYankees
ChicagoWhiteSox,OaklandAthletics
WashingtonNationals,PhiladelphiaPhillies
St.LouisCardinals,PittsburghPirates
LosAngelesDodgers,SanDiegoPadres
AtlantaBraves,SeattleMariners
TorontoBlueJays,TexasRangers
BostonRedSox,BaltimoreOrioles
SanFranciscoGiants,ChicagoCubs
ArizonaD'Backs,ColoradoRockies
LosAngelesAngels,HoustonAstros
DetroitTigers,KansasCityRoyals
NewYorkMets,MiamiMarlins
CincinnatiReds,MilwaukeeBrewers
ClevelandGuardians,MinnesotaTwins
TampaBayRays,NewYorkYankees
ChicagoWhiteSox,OaklandAthletics
WashingtonNationals,PhiladelphiaPhillies
St.LouisCardinals,PittsburghPirates
LosAngelesDodgers,SanDiegoPadres
AtlantaBraves,SeattleMariners
TorontoBlueJays,TexasRangers
BostonRedSox,BaltimoreOrioles
SanFranciscoGiants,ChicagoCubs
ArizonaD'Backs,ColoradoRockies
LosAngelesAngels,HoustonAstros
DetroitTigers,KansasCityRoyals
NewYorkMets,MiamiMarlins
CincinnatiReds,MilwaukeeBrewers
ClevelandGuardians,MinnesotaTwins
TampaBayRays,NewYorkYankees
ChicagoWhiteSox,OaklandAthletics
WashingtonNationals,PhiladelphiaPhillies
St.LouisCardinals,PittsburghPirates
LosAngelesDodgers,SanDiegoPadres
AtlantaBraves,SeattleMariners
TorontoBlueJays,TexasRangers
LosAngelesDodgers,ArizonaD'Backs
PittsburghPirates,CincinnatiReds
LosAngelesAngels,ClevelandGuardians
HoustonAstros,DetroitTigers
TexasRangers,MiamiMarlins
TexasRangers,MiamiMarlins
ChicagoCubs,NewYorkMets
AtlantaBraves,SanFranciscoGiants
TampaBayRays,TorontoBlueJays
LosAngelesDodgers,ArizonaD'Backs
NewYorkYankees,BostonRedSox
ColoradoRockies,ChicagoWhiteSox
PittsburghPirates,CincinnatiReds
PittsburghPirates,CincinnatiReds
LosAngelesAngels,ClevelandGuardians
HoustonAstros,DetroitTigers
PhiladelphiaPhillies,MiamiMarlins
KansasCityRoyals,MinnesotaTwins
ChicagoCubs,NewYorkMets
SanDiegoPadres,SeattleMariners
AtlantaBraves,SanFranciscoGiants
MilwaukeeBrewers,St.LouisCardinals
OaklandAthletics,TexasRangers
TampaBayRays,TorontoBlueJays
TampaBayRays,TorontoBlueJays
BaltimoreOrioles,WashingtonNationals
LosAngelesDodgers,ArizonaD'Backs
NewYorkYankees,BostonRedSox
ColoradoRockies,ChicagoWhiteSox
PittsburghPirates,CincinnatiReds
LosAngelesAngels,ClevelandGuardians
HoustonAstros,DetroitTigers
PhiladelphiaPhillies,MiamiMarlins
KansasCityRoyals,MinnesotaTwins
ChicagoCubs,NewYorkMets
SanDiegoPadres,SeattleMariners
AtlantaBraves,SanFranciscoGiants
MilwaukeeBrewers,St.LouisCardinals
OaklandAthletics,TexasRangers
TampaBayRays,TorontoBlueJays
BaltimoreOrioles,WashingtonNationals
SanDiegoPadres,ArizonaD'Backs
ChicagoWhiteSox,ClevelandGuardians
OaklandAthletics,HoustonAstros
PhiladelphiaPhillies,MiamiMarlins
KansasCityRoyals,MinnesotaTwins
PittsburghPirates,NewYorkMets
CincinnatiReds,St.LouisCardinals
TampaBayRays,TorontoBlueJays
SeattleMariners,LosAngelesAngels
SanDiegoPadres,ArizonaD'Backs
PhiladelphiaPhillies,AtlantaBraves
KansasCityRoyals,BostonRedSox
ColoradoRockies,ChicagoCubs
MinnesotaTwins,ClevelandGuardians
ChicagoWhiteSox,DetroitTigers
OaklandAthletics,HoustonAstros
NewYorkYankees,MilwaukeeBrewers
PittsburghPirates,NewYorkMets
LosAngelesDodgers,SanFranciscoGiants
CincinnatiReds,St.LouisCardinals
TexasRangers,TampaBayRays
BaltimoreOrioles,TorontoBlueJays
MiamiMarlins,WashingtonNationals
SeattleMariners,LosAngelesAngels
SanDiegoPadres,ArizonaD'Backs
PhiladelphiaPhillies,AtlantaBraves
KansasCityRoyals,BostonRedSox
ColoradoRockies,ChicagoCubs
MinnesotaTwins,ClevelandGuardians
MinnesotaTwins,ClevelandGuardians
ChicagoWhiteSox,DetroitTigers
OaklandAthletics,HoustonAstros
NewYorkYankees,MilwaukeeBrewers
PittsburghPirates,NewYorkMets
LosAngelesDodgers,SanFranciscoGiants
CincinnatiReds,St.LouisCardinals
CincinnatiReds,St.LouisCardinals
TexasRangers,TampaBayRays
BaltimoreOrioles,TorontoBlueJays
MiamiMarlins,WashingtonNationals
SeattleMariners,LosAngelesAngels
SanDiegoPadres,ArizonaD'Backs
PhiladelphiaPhillies,AtlantaBraves
KansasCityRoyals,BostonRedSox
ColoradoRockies,ChicagoCubs
MinnesotaTwins,ClevelandGuardians
ChicagoWhiteSox,DetroitTigers
OaklandAthletics,HoustonAstros
NewYorkYankees,MilwaukeeBrewers
PittsburghPirates,NewYorkMets
LosAngelesDodgers,SanFranciscoGiants
CincinnatiReds,St.LouisCardinals
TexasRangers,TampaBayRays
BaltimoreOrioles,TorontoBlueJays
MiamiMarlins,WashingtonNationals
SeattleMariners,LosAngelesAngels
WashingtonNationals,AtlantaBraves
DetroitTigers,BaltimoreOrioles
MinnesotaTwins,ClevelandGuardians
SanFranciscoGiants,ColoradoRockies
ArizonaD'Backs,LosAngelesDodgers
ChicagoCubs,MiamiMarlins
NewYorkMets,MilwaukeeBrewers
HoustonAstros,TampaBayRays
WashingtonNationals,AtlantaBraves
DetroitTigers,BaltimoreOrioles
ClevelandGuardians,ChicagoWhiteSox
BostonRedSox,CincinnatiReds
SanFranciscoGiants,ColoradoRockies
MinnesotaTwins,KansasCityRoyals
ArizonaD'Backs,LosAngelesDodgers
ArizonaD'Backs,LosAngelesDodgers
ChicagoCubs,MiamiMarlins
NewYorkMets,MilwaukeeBrewers
PittsburghPirates,NewYorkYankees
SeattleMariners,OaklandAthletics
TorontoBlueJays,PhiladelphiaPhillies
St.LouisCardinals,SanDiegoPadres
HoustonAstros,TampaBayRays
LosAngelesAngels,TexasRangers
WashingtonNationals,AtlantaBraves
DetroitTigers,BaltimoreOrioles
ClevelandGuardians,ChicagoWhiteSox
BostonRedSox,CincinnatiReds
SanFranciscoGiants,ColoradoRockies
MinnesotaTwins,KansasCityRoyals
ArizonaD'Backs,LosAngelesDodgers
ChicagoCubs,MiamiMarlins
NewYorkMets,MilwaukeeBrewers
PittsburghPirates,NewYorkYankees
SeattleMariners,OaklandAthletics
TorontoBlueJays,PhiladelphiaPhillies
St.LouisCardinals,SanDiegoPadres
HoustonAstros,TampaBayRays
LosAngelesAngels,TexasRangers
HoustonAstros,BaltimoreOrioles
ClevelandGuardians,ChicagoWhiteSox
MilwaukeeBrewers,CincinnatiReds
SanFranciscoGiants,ColoradoRockies
MinnesotaTwins,KansasCityRoyals
ArizonaD'Backs,LosAngelesDodgers
BostonRedSox,NewYorkYankees
SeattleMariners,OaklandAthletics
AtlantaBraves,PhiladelphiaPhillies
ChicagoCubs,PittsburghPirates
St.LouisCardinals,SanDiegoPadres
TorontoBlueJays,TampaBayRays
LosAngelesAngels,TexasRangers
SanFranciscoGiants,ArizonaD'Backs
HoustonAstros,BaltimoreOrioles
DetroitTigers,ChicagoWhiteSox
MilwaukeeBrewers,CincinnatiReds
SanDiegoPadres,ColoradoRockies
SeattleMariners,KansasCityRoyals
St.LouisCardinals,LosAngelesDodgers
WashingtonNationals,MiamiMarlins
LosAngelesAngels,MinnesotaTwins
BostonRedSox,NewYorkYankees
NewYorkMets,OaklandAthletics
AtlantaBraves,PhiladelphiaPhillies
ChicagoCubs,PittsburghPirates
TorontoBlueJays,TampaBayRays
ClevelandGuardians,TexasRangers
SanFranciscoGiants,ArizonaD'Backs
HoustonAstros,BaltimoreOrioles
DetroitTigers,ChicagoWhiteSox
MilwaukeeBrewers,CincinnatiReds
SanDiegoPadres,ColoradoRockies
SeattleMariners,KansasCityRoyals
St.LouisCardinals,LosAngelesDodgers
WashingtonNationals,MiamiMarlins
LosAngelesAngels,MinnesotaTwins
BostonRedSox,NewYorkYankees
NewYorkMets,OaklandAthletics
AtlantaBraves,PhiladelphiaPhillies
ChicagoCubs,PittsburghPirates
TorontoBlueJays,TampaBayRays
ClevelandGuardians,TexasRangers
SanFranciscoGiants,ArizonaD'Backs
HoustonAstros,BaltimoreOrioles
DetroitTigers,ChicagoWhiteSox
MilwaukeeBrewers,CincinnatiReds
SanDiegoPadres,ColoradoRockies
SeattleMariners,KansasCityRoyals
St.LouisCardinals,LosAngelesDodgers
WashingtonNationals,MiamiMarlins
LosAngelesAngels,MinnesotaTwins
BostonRedSox,NewYorkYankees
NewYorkMets,OaklandAthletics
AtlantaBraves,PhiladelphiaPhillies
ChicagoCubs,PittsburghPirates
TorontoBlueJays,TampaBayRays
ClevelandGuardians,TexasRangers
BaltimoreOrioles,BostonRedSox
CincinnatiReds,PittsburghPirates
NewYorkYankees,TorontoBlueJays
AtlantaBraves,WashingtonNationals
OaklandAthletics,LosAngelesAngels
BaltimoreOrioles,BostonRedSox
PhiladelphiaPhillies,ChicagoCubs
TampaBayRays,ClevelandGuardians
KansasCityRoyals,DetroitTigers
ArizonaD'Backs,HoustonAstros
St.LouisCardinals,MilwaukeeBrewers
ChicagoWhiteSox,MinnesotaTwins
MiamiMarlins,NewYorkMets
CincinnatiReds,PittsburghPirates
LosAngelesDodgers,SanDiegoPadres
TexasRangers,SeattleMariners
ColoradoRockies,SanFranciscoGiants
NewYorkYankees,TorontoBlueJays
AtlantaBraves,WashingtonNationals
OaklandAthletics,LosAngelesAngels
BaltimoreOrioles,BostonRedSox
PhiladelphiaPhillies,ChicagoCubs
TampaBayRays,ClevelandGuardians
KansasCityRoyals,DetroitTigers
ArizonaD'Backs,HoustonAstros
St.LouisCardinals,MilwaukeeBrewers
ChicagoWhiteSox,MinnesotaTwins
MiamiMarlins,NewYorkMets
CincinnatiReds,PittsburghPirates
LosAngelesDodgers,SanDiegoPadres
TexasRangers,SeattleMariners
ColoradoRockies,SanFranciscoGiants
NewYorkYankees,TorontoBlueJays
AtlantaBraves,WashingtonNationals
OaklandAthletics,LosAngelesAngels
BaltimoreOrioles,BostonRedSox
PhiladelphiaPhillies,ChicagoCubs
TampaBayRays,ClevelandGuardians
KansasCityRoyals,DetroitTigers
MiamiMarlins,MilwaukeeBrewers
ChicagoWhiteSox,MinnesotaTwins
LosAngelesDodgers,SanDiegoPadres
TexasRangers,SeattleMariners
ColoradoRockies,SanFranciscoGiants
TexasRangers,LosAngelesAngels
NewYorkMets,AtlantaBraves
CincinnatiReds,ChicagoCubs
KansasCityRoyals,ClevelandGuardians
MinnesotaTwins,DetroitTigers
TampaBayRays,HoustonAstros
ColoradoRockies,LosAngelesDodgers
MiamiMarlins,MilwaukeeBrewers
BaltimoreOrioles,NewYorkYankees
ChicagoWhiteSox,SanDiegoPadres
OaklandAthletics,SeattleMariners
ArizonaD'Backs,SanFranciscoGiants
PittsburghPirates,St.LouisCardinals
BostonRedSox,TorontoBlueJays
PhiladelphiaPhillies,WashingtonNationals
TexasRangers,LosAngelesAngels
NewYorkMets,AtlantaBraves
CincinnatiReds,ChicagoCubs
KansasCityRoyals,ClevelandGuardians
MinnesotaTwins,DetroitTigers
TampaBayRays,HoustonAstros
ColoradoRockies,LosAngelesDodgers
MiamiMarlins,MilwaukeeBrewers
BaltimoreOrioles,NewYorkYankees
ChicagoWhiteSox,SanDiegoPadres
OaklandAthletics,SeattleMariners
ArizonaD'Backs,SanFranciscoGiants
PittsburghPirates,St.LouisCardinals
BostonRedSox,TorontoBlueJays
PhiladelphiaPhillies,WashingtonNationals
PhiladelphiaPhillies,WashingtonNationals
TexasRangers,LosAngelesAngels
NewYorkMets,AtlantaBraves
CincinnatiReds,ChicagoCubs
KansasCityRoyals,ClevelandGuardians
MinnesotaTwins,DetroitTigers
TampaBayRays,HoustonAstros
ColoradoRockies,LosAngelesDodgers
MiamiMarlins,MilwaukeeBrewers
BaltimoreOrioles,NewYorkYankees
ChicagoWhiteSox,SanDiegoPadres
OaklandAthletics,SeattleMariners
ArizonaD'Backs,SanFranciscoGiants
PittsburghPirates,St.LouisCardinals
BostonRedSox,TorontoBlueJays
PhiladelphiaPhillies,WashingtonNationals
TorontoBlueJays,BaltimoreOrioles
TampaBayRays,BostonRedSox
MinnesotaTwins,ChicagoWhiteSox
ChicagoCubs,CincinnatiReds
KansasCityRoyals,ClevelandGuardians
PhiladelphiaPhillies,HoustonAstros
ColoradoRockies,LosAngelesDodgers
AtlantaBraves,MiamiMarlins
ArizonaD'Backs,MilwaukeeBrewers
LosAngelesAngels,OaklandAthletics
St.LouisCardinals,PittsburghPirates
SanFranciscoGiants,SanDiegoPadres
DetroitTigers,SeattleMariners
NewYorkYankees,TexasRangers
TampaBayRays,BostonRedSox
MinnesotaTwins,ChicagoWhiteSox
ChicagoCubs,CincinnatiReds
KansasCityRoyals,ClevelandGuardians
PhiladelphiaPhillies,HoustonAstros
ColoradoRockies,LosAngelesDodgers
AtlantaBraves,MiamiMarlins
ArizonaD'Backs,MilwaukeeBrewers
WashingtonNationals,NewYorkMets
WashingtonNationals,NewYorkMets
LosAngelesAngels,OaklandAthletics
St.LouisCardinals,PittsburghPirates
SanFranciscoGiants,SanDiegoPadres
DetroitTigers,SeattleMariners
DetroitTigers,SeattleMariners
NewYorkYankees,TexasRangers
NewYorkYankees,TexasRangers
TorontoBlueJays,BaltimoreOrioles
TorontoBlueJays,BaltimoreOrioles
TampaBayRays,BostonRedSox
MinnesotaTwins,ChicagoWhiteSox
ChicagoCubs,CincinnatiReds
KansasCityRoyals,ClevelandGuardians
PhiladelphiaPhillies,HoustonAstros
ColoradoRockies,LosAngelesDodgers
AtlantaBraves,MiamiMarlins
ArizonaD'Backs,MilwaukeeBrewers
WashingtonNationals,NewYorkMets
LosAngelesAngels,OaklandAthletics
St.LouisCardinals,PittsburghPirates
SanFranciscoGiants,SanDiegoPadres
DetroitTigers,SeattleMariners
NewYorkYankees,TexasRangers
